prep_param,model_param,accuracy,f1_macro,precision_macro,recall_macro,tex
"{'scaling': None, 'imputation': 'mode', 'cat_age': False, 'remove_outliers': True, 'merge_capital': True, 'downsampling_method': 'random', 'target_freq': 0.85, 'generate_dummies': True, 'remove_duplicates': True}","{'n_estimators': 75, 'max_depth': None, 'learning_rate': 0.3, 'booster': 'gbtree', 'reg_lambda': 0.3, 'reg_alpha': 0.3, 'random_state': 42, 'verbosity': 0}",0.9518494095959772,0.7943150967522675,0.7969568091748357,0.7919213281352413,57.71399903297424
"{'scaling': None, 'imputation': 'mode', 'cat_age': False, 'remove_outliers': True, 'merge_capital': True, 'downsampling_method': 'random', 'target_freq': 0.85, 'generate_dummies': True, 'remove_duplicates': True}","{'n_estimators': 75, 'max_depth': None, 'learning_rate': 0.3, 'booster': 'dart', 'reg_lambda': 0.3, 'reg_alpha': 0.3, 'random_state': 42, 'verbosity': 0}",0.9518494095959772,0.7943150967522675,0.7969568091748357,0.7919213281352413,293.8510000705719
"{'scaling': None, 'imputation': 'mode', 'cat_age': False, 'remove_outliers': True, 'merge_capital': True, 'downsampling_method': 'random', 'target_freq': 0.85, 'generate_dummies': True, 'remove_duplicates': True}","{'n_estimators': 65, 'max_depth': None, 'learning_rate': 0.3, 'booster': 'dart', 'reg_lambda': 0.3, 'reg_alpha': 0.3, 'random_state': 42, 'verbosity': 0}",0.9519424858772119,0.794307922425739,0.7975285317736024,0.7913358155326907,219.13300156593323
"{'scaling': None, 'imputation': 'mode', 'cat_age': False, 'remove_outliers': True, 'merge_capital': True, 'downsampling_method': 'random', 'target_freq': 0.85, 'generate_dummies': True, 'remove_duplicates': True}","{'n_estimators': 65, 'max_depth': None, 'learning_rate': 0.3, 'booster': 'gbtree', 'reg_lambda': 0.3, 'reg_alpha': 0.3, 'random_state': 42, 'verbosity': 0}",0.9519424858772119,0.794307922425739,0.7975285317736024,0.7913358155326907,52.28200149536133
"{'scaling': None, 'imputation': 'mode', 'cat_age': False, 'remove_outliers': True, 'merge_capital': False, 'downsampling_method': 'random', 'target_freq': 0.85, 'generate_dummies': True, 'remove_duplicates': True}","{'n_estimators': 75, 'max_depth': None, 'learning_rate': 0.3, 'booster': 'dart', 'reg_lambda': 0.3, 'reg_alpha': 0.3, 'random_state': 42, 'verbosity': 0}",0.9518422496060012,0.794295635328333,0.7969199821432377,0.7919175065278732,318.64299964904785
"{'scaling': None, 'imputation': 'mode', 'cat_age': False, 'remove_outliers': False, 'merge_capital': True, 'downsampling_method': 'random', 'target_freq': 0.85, 'generate_dummies': True, 'remove_duplicates': True}","{'n_estimators': 75, 'max_depth': None, 'learning_rate': 0.3, 'booster': 'dart', 'reg_lambda': 0.3, 'reg_alpha': 0.3, 'random_state': 42, 'verbosity': 0}",0.9520355647216278,0.7942482567857543,0.7981620574386696,0.7905150235247299,304.8379979133606
"{'scaling': None, 'imputation': 'mode', 'cat_age': False, 'remove_outliers': True, 'merge_capital': True, 'downsampling_method': 'random', 'target_freq': 0.85, 'generate_dummies': True, 'remove_duplicates': True}","{'n_estimators': 75, 'max_depth': None, 'learning_rate': 0.2, 'booster': 'dart', 'reg_lambda': 0.2, 'reg_alpha': 0.1, 'random_state': 42, 'verbosity': 0}",0.9524150406019029,0.7942466430067429,0.8006109710362885,0.7882844988139185,292.4869966506958
"{'scaling': None, 'imputation': 'mode', 'cat_age': False, 'remove_outliers': True, 'merge_capital': True, 'downsampling_method': 'random', 'target_freq': 0.85, 'generate_dummies': True, 'remove_duplicates': True}","{'n_estimators': 75, 'max_depth': None, 'learning_rate': 0.2, 'booster': 'gbtree', 'reg_lambda': 0.2, 'reg_alpha': 0.1, 'random_state': 42, 'verbosity': 0}",0.9524150406019029,0.7942466430067429,0.8006109710362885,0.7882844988139185,59.22599911689758
"{'scaling': None, 'imputation': 'mode', 'cat_age': False, 'remove_outliers': False, 'merge_capital': False, 'downsampling_method': 'random', 'target_freq': 0.85, 'generate_dummies': True, 'remove_duplicates': True}","{'n_estimators': 75, 'max_depth': None, 'learning_rate': 0.3, 'booster': 'dart', 'reg_lambda': 0.3, 'reg_alpha': 0.3, 'random_state': 42, 'verbosity': 0}",0.9520284047316517,0.7942285232273854,0.7981251971548534,0.7905112019173618,308.2379996776581
"{'scaling': None, 'imputation': 'mode', 'cat_age': False, 'remove_outliers': True, 'merge_capital': True, 'downsampling_method': 'random', 'target_freq': 0.85, 'generate_dummies': True, 'remove_duplicates': True}","{'n_estimators': 75, 'max_depth': None, 'learning_rate': 0.2, 'booster': 'gbtree', 'reg_lambda': 0.3, 'reg_alpha': 0.2, 'random_state': 42, 'verbosity': 0}",0.9521644435159236,0.7941100178029975,0.7991153702832883,0.7894331188523445,59.132999897003174
"{'scaling': None, 'imputation': 'mode', 'cat_age': False, 'remove_outliers': True, 'merge_capital': True, 'downsampling_method': 'random', 'target_freq': 0.85, 'generate_dummies': True, 'remove_duplicates': True}","{'n_estimators': 75, 'max_depth': None, 'learning_rate': 0.2, 'booster': 'dart', 'reg_lambda': 0.3, 'reg_alpha': 0.2, 'random_state': 42, 'verbosity': 0}",0.9521644435159236,0.7941100178029975,0.7991153702832883,0.7894331188523445,321.59299969673157
"{'scaling': None, 'imputation': 'mode', 'cat_age': False, 'remove_outliers': True, 'merge_capital': True, 'downsampling_method': 'random', 'target_freq': 0.85, 'generate_dummies': True, 'remove_duplicates': True}","{'n_estimators': 75, 'max_depth': None, 'learning_rate': 0.2, 'booster': 'gbtree', 'reg_lambda': 0.2, 'reg_alpha': 0.3, 'random_state': 42, 'verbosity': 0}",0.9522718443908362,0.7940489943250097,0.7998276714521347,0.7886357618556045,60.21700143814087
"{'scaling': None, 'imputation': 'mode', 'cat_age': False, 'remove_outliers': True, 'merge_capital': True, 'downsampling_method': 'random', 'target_freq': 0.85, 'generate_dummies': True, 'remove_duplicates': True}","{'n_estimators': 75, 'max_depth': None, 'learning_rate': 0.2, 'booster': 'dart', 'reg_lambda': 0.2, 'reg_alpha': 0.3, 'random_state': 42, 'verbosity': 0}",0.9522718443908362,0.7940489943250097,0.7998276714521347,0.7886357618556045,283.405996799469
"{'scaling': None, 'imputation': 'mode', 'cat_age': False, 'remove_outliers': True, 'merge_capital': True, 'downsampling_method': 'random', 'target_freq': 0.85, 'generate_dummies': True, 'remove_duplicates': True}","{'n_estimators': 75, 'max_depth': None, 'learning_rate': 0.4, 'booster': 'gbtree', 'reg_lambda': 0.3, 'reg_alpha': 0.3, 'random_state': 42, 'verbosity': 0}",0.9513768484633337,0.7939827160204616,0.7941937014277575,0.7938895199072084,57.41100001335144
"{'scaling': None, 'imputation': 'mode', 'cat_age': False, 'remove_outliers': True, 'merge_capital': True, 'downsampling_method': 'random', 'target_freq': 0.85, 'generate_dummies': True, 'remove_duplicates': True}","{'n_estimators': 75, 'max_depth': None, 'learning_rate': 0.4, 'booster': 'dart', 'reg_lambda': 0.3, 'reg_alpha': 0.3, 'random_state': 42, 'verbosity': 0}",0.9513768484633337,0.7939827160204616,0.7941937014277575,0.7938895199072084,285.4469995498657
"{'scaling': None, 'imputation': 'mode', 'cat_age': False, 'remove_outliers': True, 'merge_capital': True, 'downsampling_method': 'random', 'target_freq': 0.85, 'generate_dummies': True, 'remove_duplicates': True}","{'n_estimators': 75, 'max_depth': None, 'learning_rate': 0.4, 'booster': 'dart', 'reg_lambda': 0.3, 'reg_alpha': 0.2, 'random_state': 42, 'verbosity': 0}",0.9513553705439504,0.7938393318829566,0.794122372933604,0.7936584315804336,284.65099811553955
"{'scaling': None, 'imputation': 'mode', 'cat_age': False, 'remove_outliers': True, 'merge_capital': True, 'downsampling_method': 'random', 'target_freq': 0.85, 'generate_dummies': True, 'remove_duplicates': True}","{'n_estimators': 75, 'max_depth': None, 'learning_rate': 0.4, 'booster': 'gbtree', 'reg_lambda': 0.3, 'reg_alpha': 0.2, 'random_state': 42, 'verbosity': 0}",0.9513553705439504,0.7938393318829566,0.794122372933604,0.7936584315804336,59.335999727249146
"{'scaling': None, 'imputation': 'mode', 'cat_age': False, 'remove_outliers': True, 'merge_capital': True, 'downsampling_method': 'random', 'target_freq': 0.85, 'generate_dummies': True, 'remove_duplicates': True}","{'n_estimators': 65, 'max_depth': None, 'learning_rate': 0.4, 'booster': 'dart', 'reg_lambda': 0.3, 'reg_alpha': 0.2, 'random_state': 42, 'verbosity': 0}",0.9515057331529458,0.793744494665329,0.7951113947207185,0.792524018156302,225.99051189422607
"{'scaling': None, 'imputation': 'mode', 'cat_age': False, 'remove_outliers': True, 'merge_capital': True, 'downsampling_method': 'random', 'target_freq': 0.85, 'generate_dummies': True, 'remove_duplicates': True}","{'n_estimators': 65, 'max_depth': None, 'learning_rate': 0.4, 'booster': 'gbtree', 'reg_lambda': 0.3, 'reg_alpha': 0.2, 'random_state': 42, 'verbosity': 0}",0.9515057331529458,0.793744494665329,0.7951113947207185,0.792524018156302,52.763001680374146
"{'scaling': None, 'imputation': 'mode', 'cat_age': False, 'remove_outliers': True, 'merge_capital': True, 'downsampling_method': 'random', 'target_freq': 0.85, 'generate_dummies': True, 'remove_duplicates': True}","{'n_estimators': 75, 'max_depth': None, 'learning_rate': 0.2, 'booster': 'dart', 'reg_lambda': 0.1, 'reg_alpha': 0.3, 'random_state': 42, 'verbosity': 0}",0.9522074016615528,0.7937258624520073,0.7995498520616167,0.788285667983374,285.65700244903564
"{'scaling': None, 'imputation': 'mode', 'cat_age': False, 'remove_outliers': True, 'merge_capital': True, 'downsampling_method': 'random', 'target_freq': 0.85, 'generate_dummies': True, 'remove_duplicates': True}","{'n_estimators': 75, 'max_depth': None, 'learning_rate': 0.2, 'booster': 'gbtree', 'reg_lambda': 0.1, 'reg_alpha': 0.3, 'random_state': 42, 'verbosity': 0}",0.9522074016615528,0.7937258624520073,0.7995498520616167,0.788285667983374,59.317999839782715
"{'scaling': None, 'imputation': 'mode', 'cat_age': False, 'remove_outliers': True, 'merge_capital': True, 'downsampling_method': 'random', 'target_freq': 0.85, 'generate_dummies': True, 'remove_duplicates': True}","{'n_estimators': 75, 'max_depth': None, 'learning_rate': 0.3, 'booster': 'dart', 'reg_lambda': 0.1, 'reg_alpha': 0.3, 'random_state': 42, 'verbosity': 0}",0.95163460810247,0.7936763840799135,0.7959209299908635,0.7915854791235717,289.7489969730377
"{'scaling': None, 'imputation': 'mode', 'cat_age': False, 'remove_outliers': True, 'merge_capital': True, 'downsampling_method': 'random', 'target_freq': 0.85, 'generate_dummies': True, 'remove_duplicates': True}","{'n_estimators': 75, 'max_depth': None, 'learning_rate': 0.3, 'booster': 'gbtree', 'reg_lambda': 0.1, 'reg_alpha': 0.3, 'random_state': 42, 'verbosity': 0}",0.95163460810247,0.7936763840799135,0.7959209299908635,0.7915854791235717,57.84499788284302
"{'scaling': None, 'imputation': 'mode', 'cat_age': False, 'remove_outliers': True, 'merge_capital': True, 'downsampling_method': 'random', 'target_freq': 0.85, 'generate_dummies': True, 'remove_duplicates': True}","{'n_estimators': 65, 'max_depth': None, 'learning_rate': 0.2, 'booster': 'gbtree', 'reg_lambda': 0.2, 'reg_alpha': 0.1, 'random_state': 42, 'verbosity': 0}",0.9524150400892667,0.7936458230864493,0.8009287593377208,0.7868493680605461,53.32890701293945
"{'scaling': None, 'imputation': 'mode', 'cat_age': False, 'remove_outliers': True, 'merge_capital': True, 'downsampling_method': 'random', 'target_freq': 0.85, 'generate_dummies': True, 'remove_duplicates': True}","{'n_estimators': 65, 'max_depth': None, 'learning_rate': 0.2, 'booster': 'dart', 'reg_lambda': 0.2, 'reg_alpha': 0.1, 'random_state': 42, 'verbosity': 0}",0.9524150400892667,0.7936458230864493,0.8009287593377208,0.7868493680605461,226.98653316497803
"{'scaling': None, 'imputation': 'mode', 'cat_age': False, 'remove_outliers': True, 'merge_capital': True, 'downsampling_method': 'random', 'target_freq': 0.85, 'generate_dummies': True, 'remove_duplicates': True}","{'n_estimators': 75, 'max_depth': None, 'learning_rate': 0.2, 'booster': 'dart', 'reg_lambda': 0.1, 'reg_alpha': 0.1, 'random_state': 42, 'verbosity': 0}",0.9521000082198654,0.7935211674906755,0.798980630633948,0.7884289075585462,285.6660006046295
"{'scaling': None, 'imputation': 'mode', 'cat_age': False, 'remove_outliers': True, 'merge_capital': True, 'downsampling_method': 'random', 'target_freq': 0.85, 'generate_dummies': True, 'remove_duplicates': True}","{'n_estimators': 75, 'max_depth': None, 'learning_rate': 0.2, 'booster': 'gbtree', 'reg_lambda': 0.1, 'reg_alpha': 0.1, 'random_state': 42, 'verbosity': 0}",0.9521000082198654,0.7935211674906755,0.798980630633948,0.7884289075585462,59.322996854782104
"{'scaling': None, 'imputation': 'mode', 'cat_age': False, 'remove_outliers': True, 'merge_capital': True, 'downsampling_method': 'random', 'target_freq': 0.85, 'generate_dummies': True, 'remove_duplicates': True}","{'n_estimators': 65, 'max_depth': None, 'learning_rate': 0.2, 'booster': 'gbtree', 'reg_lambda': 0.2, 'reg_alpha': 0.3, 'random_state': 42, 'verbosity': 0}",0.9522718446471543,0.7933807656355513,0.8002006518652923,0.7870519193581264,53.0455539226532
"{'scaling': None, 'imputation': 'mode', 'cat_age': False, 'remove_outliers': True, 'merge_capital': True, 'downsampling_method': 'random', 'target_freq': 0.85, 'generate_dummies': True, 'remove_duplicates': True}","{'n_estimators': 65, 'max_depth': None, 'learning_rate': 0.2, 'booster': 'dart', 'reg_lambda': 0.2, 'reg_alpha': 0.3, 'random_state': 42, 'verbosity': 0}",0.9522718446471543,0.7933807656355513,0.8002006518652923,0.7870519193581264,233.84999895095825
"{'scaling': None, 'imputation': 'mode', 'cat_age': True, 'remove_outliers': True, 'merge_capital': True, 'downsampling_method': 'random', 'target_freq': 0.85, 'generate_dummies': True, 'remove_duplicates': True}","{'n_estimators': 75, 'max_depth': None, 'learning_rate': 0.3, 'booster': 'dart', 'reg_lambda': 0.3, 'reg_alpha': 0.3, 'random_state': 42, 'verbosity': 0}",0.952744400653436,0.7933157036980282,0.803355603000209,0.7841036711903456,309.382999420166
"{'scaling': None, 'imputation': 'mode', 'cat_age': True, 'remove_outliers': True, 'merge_capital': False, 'downsampling_method': 'random', 'target_freq': 0.85, 'generate_dummies': True, 'remove_duplicates': True}","{'n_estimators': 75, 'max_depth': None, 'learning_rate': 0.3, 'booster': 'dart', 'reg_lambda': 0.3, 'reg_alpha': 0.3, 'random_state': 42, 'verbosity': 0}",0.952794520583268,0.7932498538547039,0.8037435909690822,0.7836557718083347,297.56000304222107
"{'scaling': None, 'imputation': 'mode', 'cat_age': False, 'remove_outliers': True, 'merge_capital': True, 'downsampling_method': 'random', 'target_freq': 0.85, 'generate_dummies': True, 'remove_duplicates': True}","{'n_estimators': 75, 'max_depth': None, 'learning_rate': 0.3, 'booster': 'gbtree', 'reg_lambda': 0.2, 'reg_alpha': 0.3, 'random_state': 42, 'verbosity': 0}",0.9516346075898339,0.7932286895885599,0.7961118060578091,0.7905839061201232,58.07100009918213
"{'scaling': None, 'imputation': 'mode', 'cat_age': False, 'remove_outliers': True, 'merge_capital': True, 'downsampling_method': 'random', 'target_freq': 0.85, 'generate_dummies': True, 'remove_duplicates': True}","{'n_estimators': 75, 'max_depth': None, 'learning_rate': 0.3, 'booster': 'dart', 'reg_lambda': 0.2, 'reg_alpha': 0.3, 'random_state': 42, 'verbosity': 0}",0.9516346075898339,0.7932286895885599,0.7961118060578091,0.7905839061201232,278.11399960517883
"{'scaling': None, 'imputation': 'mode', 'cat_age': False, 'remove_outliers': True, 'merge_capital': True, 'downsampling_method': 'random', 'target_freq': 0.85, 'generate_dummies': True, 'remove_duplicates': True}","{'n_estimators': 65, 'max_depth': None, 'learning_rate': 0.2, 'booster': 'dart', 'reg_lambda': 0.1, 'reg_alpha': 0.1, 'random_state': 42, 'verbosity': 0}",0.9522074080695054,0.7931682886922944,0.7998670268408687,0.7869464664060039,222.6547248363495
"{'scaling': None, 'imputation': 'mode', 'cat_age': False, 'remove_outliers': True, 'merge_capital': True, 'downsampling_method': 'random', 'target_freq': 0.85, 'generate_dummies': True, 'remove_duplicates': True}","{'n_estimators': 65, 'max_depth': None, 'learning_rate': 0.2, 'booster': 'gbtree', 'reg_lambda': 0.1, 'reg_alpha': 0.1, 'random_state': 42, 'verbosity': 0}",0.9522074080695054,0.7931682886922944,0.7998670268408687,0.7869464664060039,52.6222026348114
"{'scaling': None, 'imputation': 'mode', 'cat_age': False, 'remove_outliers': True, 'merge_capital': True, 'downsampling_method': 'random', 'target_freq': 0.85, 'generate_dummies': True, 'remove_duplicates': True}","{'n_estimators': 65, 'max_depth': None, 'learning_rate': 0.2, 'booster': 'gbtree', 'reg_lambda': 0.1, 'reg_alpha': 0.1, 'random_state': 42, 'verbosity': 0}",0.9522074080695054,0.7931682886922944,0.7998670268408687,0.7869464664060039,52.95912051200867
"{'scaling': None, 'imputation': 'mode', 'cat_age': False, 'remove_outliers': True, 'merge_capital': False, 'downsampling_method': 'random', 'target_freq': 0.85, 'generate_dummies': True, 'remove_duplicates': True}","{'n_estimators': 65, 'max_depth': None, 'learning_rate': 0.2, 'booster': 'gbtree', 'reg_lambda': 0.1, 'reg_alpha': 0.1, 'random_state': 42, 'verbosity': 0}",0.9522002480795295,0.7931485188401506,0.7998282422302857,0.7869426447986357,52.95420169830322
"{'scaling': None, 'imputation': 'mode', 'cat_age': False, 'remove_outliers': True, 'merge_capital': True, 'downsampling_method': 'random', 'target_freq': 0.85, 'generate_dummies': True, 'remove_duplicates': True}","{'n_estimators': 75, 'max_depth': None, 'learning_rate': 0.2, 'booster': 'gbtree', 'reg_lambda': 0.3, 'reg_alpha': 0.1, 'random_state': 42, 'verbosity': 0}",0.9519424845956215,0.7930736257888347,0.7981544461668337,0.7882993879602509,59.37299704551697
"{'scaling': None, 'imputation': 'mode', 'cat_age': False, 'remove_outliers': True, 'merge_capital': True, 'downsampling_method': 'random', 'target_freq': 0.85, 'generate_dummies': True, 'remove_duplicates': True}","{'n_estimators': 75, 'max_depth': None, 'learning_rate': 0.2, 'booster': 'dart', 'reg_lambda': 0.3, 'reg_alpha': 0.1, 'random_state': 42, 'verbosity': 0}",0.9519424845956215,0.7930736257888347,0.7981544461668337,0.7882993879602509,289.4800000190735
"{'scaling': None, 'imputation': 'mode', 'cat_age': False, 'remove_outliers': True, 'merge_capital': True, 'downsampling_method': 'random', 'target_freq': 0.85, 'generate_dummies': True, 'remove_duplicates': True}","{'n_estimators': 65, 'max_depth': None, 'learning_rate': 0.3, 'booster': 'dart', 'reg_lambda': 0.2, 'reg_alpha': 0.2, 'random_state': 42, 'verbosity': 0}",0.9514627785957701,0.7930201121600581,0.7952505248387444,0.7910709928496044,223.10100030899048
"{'scaling': None, 'imputation': 'mode', 'cat_age': False, 'remove_outliers': True, 'merge_capital': True, 'downsampling_method': 'random', 'target_freq': 0.85, 'generate_dummies': True, 'remove_duplicates': True}","{'n_estimators': 65, 'max_depth': None, 'learning_rate': 0.3, 'booster': 'gbtree', 'reg_lambda': 0.2, 'reg_alpha': 0.2, 'random_state': 42, 'verbosity': 0}",0.9514627785957701,0.7930201121600581,0.7952505248387444,0.7910709928496044,52.77999806404114
"{'scaling': None, 'imputation': 'mode', 'cat_age': False, 'remove_outliers': True, 'merge_capital': True, 'downsampling_method': 'random', 'target_freq': 0.85, 'generate_dummies': True, 'remove_duplicates': True}","{'n_estimators': 65, 'max_depth': None, 'learning_rate': 0.4, 'booster': 'gbtree', 'reg_lambda': 0.3, 'reg_alpha': 0.3, 'random_state': 42, 'verbosity': 0}",0.951283767824691,0.7930106571949931,0.7940602237180092,0.7920937948032798,52.76200032234192
"{'scaling': None, 'imputation': 'mode', 'cat_age': False, 'remove_outliers': True, 'merge_capital': True, 'downsampling_method': 'random', 'target_freq': 0.85, 'generate_dummies': True, 'remove_duplicates': True}","{'n_estimators': 65, 'max_depth': None, 'learning_rate': 0.4, 'booster': 'dart', 'reg_lambda': 0.3, 'reg_alpha': 0.3, 'random_state': 42, 'verbosity': 0}",0.951283767824691,0.7930106571949931,0.7940602237180092,0.7920937948032798,216.38399815559387
"{'scaling': None, 'imputation': 'mode', 'cat_age': False, 'remove_outliers': True, 'merge_capital': True, 'downsampling_method': 'random', 'target_freq': 0.85, 'generate_dummies': True, 'remove_duplicates': True}","{'n_estimators': 65, 'max_depth': None, 'learning_rate': 0.3, 'booster': 'gbtree', 'reg_lambda': 0.2, 'reg_alpha': 0.3, 'random_state': 42, 'verbosity': 0}",0.9515916525200219,0.7929859848883236,0.7959959095480995,0.7902405217688164,52.819000244140625
"{'scaling': None, 'imputation': 'mode', 'cat_age': False, 'remove_outliers': True, 'merge_capital': True, 'downsampling_method': 'random', 'target_freq': 0.85, 'generate_dummies': True, 'remove_duplicates': True}","{'n_estimators': 65, 'max_depth': None, 'learning_rate': 0.3, 'booster': 'dart', 'reg_lambda': 0.2, 'reg_alpha': 0.3, 'random_state': 42, 'verbosity': 0}",0.9515916525200219,0.7929859848883236,0.7959959095480995,0.7902405217688164,218.55551409721375
"{'scaling': None, 'imputation': 'mode', 'cat_age': False, 'remove_outliers': True, 'merge_capital': True, 'downsampling_method': 'random', 'target_freq': 0.85, 'generate_dummies': True, 'remove_duplicates': True}","{'n_estimators': 65, 'max_depth': None, 'learning_rate': 0.2, 'booster': 'dart', 'reg_lambda': 0.3, 'reg_alpha': 0.2, 'random_state': 42, 'verbosity': 0}",0.9521358040686557,0.7929657938592181,0.7995304783293321,0.7868677349657545,223.71951603889465
"{'scaling': None, 'imputation': 'mode', 'cat_age': False, 'remove_outliers': True, 'merge_capital': True, 'downsampling_method': 'random', 'target_freq': 0.85, 'generate_dummies': True, 'remove_duplicates': True}","{'n_estimators': 65, 'max_depth': None, 'learning_rate': 0.2, 'booster': 'gbtree', 'reg_lambda': 0.3, 'reg_alpha': 0.2, 'random_state': 42, 'verbosity': 0}",0.9521358040686557,0.7929657938592181,0.7995304783293321,0.7868677349657545,52.41082978248596
"{'scaling': None, 'imputation': 'mode', 'cat_age': False, 'remove_outliers': True, 'merge_capital': True, 'downsampling_method': 'random', 'target_freq': 0.85, 'generate_dummies': True, 'remove_duplicates': True}","{'n_estimators': 65, 'max_depth': None, 'learning_rate': 0.4, 'booster': 'dart', 'reg_lambda': 0.2, 'reg_alpha': 0.2, 'random_state': 42, 'verbosity': 0}",0.951319567005617,0.7929339519120944,0.7944058049785581,0.7916217261346816,232.88100051879883
"{'scaling': None, 'imputation': 'mode', 'cat_age': False, 'remove_outliers': True, 'merge_capital': True, 'downsampling_method': 'random', 'target_freq': 0.85, 'generate_dummies': True, 'remove_duplicates': True}","{'n_estimators': 65, 'max_depth': None, 'learning_rate': 0.4, 'booster': 'gbtree', 'reg_lambda': 0.2, 'reg_alpha': 0.2, 'random_state': 42, 'verbosity': 0}",0.951319567005617,0.7929339519120944,0.7944058049785581,0.7916217261346816,53.920000076293945
"{'scaling': None, 'imputation': 'mode', 'cat_age': False, 'remove_outliers': True, 'merge_capital': True, 'downsampling_method': 'random', 'target_freq': 0.85, 'generate_dummies': True, 'remove_duplicates': True}","{'n_estimators': 75, 'max_depth': None, 'learning_rate': 0.3, 'booster': 'gbtree', 'reg_lambda': 0.1, 'reg_alpha': 0.2, 'random_state': 42, 'verbosity': 0}",0.9516131317209956,0.7929322052001428,0.7961251403640806,0.7899700802606755,57.670997619628906
"{'scaling': None, 'imputation': 'mode', 'cat_age': False, 'remove_outliers': True, 'merge_capital': True, 'downsampling_method': 'random', 'target_freq': 0.85, 'generate_dummies': True, 'remove_duplicates': True}","{'n_estimators': 75, 'max_depth': None, 'learning_rate': 0.3, 'booster': 'dart', 'reg_lambda': 0.1, 'reg_alpha': 0.2, 'random_state': 42, 'verbosity': 0}",0.9516131317209956,0.7929322052001428,0.7961251403640806,0.7899700802606755,289.21699690818787
"{'scaling': None, 'imputation': 'mode', 'cat_age': False, 'remove_outliers': True, 'merge_capital': True, 'downsampling_method': 'random', 'target_freq': 0.85, 'generate_dummies': True, 'remove_duplicates': True}","{'n_estimators': 75, 'max_depth': None, 'learning_rate': 0.2, 'booster': 'gbtree', 'reg_lambda': 0.2, 'reg_alpha': 0.2, 'random_state': 42, 'verbosity': 0}",0.9519353220424644,0.7928710546174264,0.7981407387584829,0.7879180937064868,59.21399927139282
"{'scaling': None, 'imputation': 'mode', 'cat_age': False, 'remove_outliers': True, 'merge_capital': True, 'downsampling_method': 'random', 'target_freq': 0.85, 'generate_dummies': True, 'remove_duplicates': True}","{'n_estimators': 75, 'max_depth': None, 'learning_rate': 0.2, 'booster': 'dart', 'reg_lambda': 0.2, 'reg_alpha': 0.2, 'random_state': 42, 'verbosity': 0}",0.9519353220424644,0.7928710546174264,0.7981407387584829,0.7879180937064868,300.6919982433319
"{'scaling': None, 'imputation': 'mode', 'cat_age': False, 'remove_outliers': True, 'merge_capital': True, 'downsampling_method': 'random', 'target_freq': 0.85, 'generate_dummies': True, 'remove_duplicates': True}","{'n_estimators': 65, 'max_depth': None, 'learning_rate': 0.3, 'booster': 'gbtree', 'reg_lambda': 0.2, 'reg_alpha': 0.1, 'random_state': 42, 'verbosity': 0}",0.9516775754755514,0.7928653807738617,0.7965182466732108,0.7894771315345194,53.147000312805176
"{'scaling': None, 'imputation': 'mode', 'cat_age': False, 'remove_outliers': True, 'merge_capital': True, 'downsampling_method': 'random', 'target_freq': 0.85, 'generate_dummies': True, 'remove_duplicates': True}","{'n_estimators': 65, 'max_depth': None, 'learning_rate': 0.3, 'booster': 'dart', 'reg_lambda': 0.2, 'reg_alpha': 0.1, 'random_state': 42, 'verbosity': 0}",0.9516775754755514,0.7928653807738617,0.7965182466732108,0.7894771315345194,215.18151354789734
"{'scaling': None, 'imputation': 'mode', 'cat_age': False, 'remove_outliers': True, 'merge_capital': True, 'downsampling_method': 'random', 'target_freq': 0.85, 'generate_dummies': True, 'remove_duplicates': True}","{'n_estimators': 75, 'max_depth': None, 'learning_rate': 0.3, 'booster': 'gbtree', 'reg_lambda': 0.2, 'reg_alpha': 0.2, 'random_state': 42, 'verbosity': 0}",0.9512694586100995,0.7928445246907087,0.7941289127018933,0.7918150014624072,57.44099998474121
"{'scaling': None, 'imputation': 'mode', 'cat_age': False, 'remove_outliers': True, 'merge_capital': True, 'downsampling_method': 'random', 'target_freq': 0.85, 'generate_dummies': True, 'remove_duplicates': True}","{'n_estimators': 75, 'max_depth': None, 'learning_rate': 0.3, 'booster': 'dart', 'reg_lambda': 0.2, 'reg_alpha': 0.2, 'random_state': 42, 'verbosity': 0}",0.9512694586100995,0.7928445246907087,0.7941289127018933,0.7918150014624072,299.8749990463257
"{'scaling': None, 'imputation': 'mode', 'cat_age': True, 'remove_outliers': False, 'merge_capital': False, 'downsampling_method': 'random', 'target_freq': 0.85, 'generate_dummies': True, 'remove_duplicates': True}","{'n_estimators': 75, 'max_depth': None, 'learning_rate': 0.3, 'booster': 'dart', 'reg_lambda': 0.3, 'reg_alpha': 0.3, 'random_state': 42, 'verbosity': 0}",0.9530809145433101,0.7927200645835785,0.8061126735790964,0.7807920889451564,290.2659966945648
"{'scaling': None, 'imputation': 'mode', 'cat_age': False, 'remove_outliers': True, 'merge_capital': True, 'downsampling_method': 'random', 'target_freq': 0.85, 'generate_dummies': True, 'remove_duplicates': True}","{'n_estimators': 65, 'max_depth': None, 'learning_rate': 0.2, 'booster': 'dart', 'reg_lambda': 0.2, 'reg_alpha': 0.2, 'random_state': 42, 'verbosity': 0}",0.9521143212792286,0.792671404948415,0.7994386597943608,0.7863782423727527,233.7850570678711
"{'scaling': None, 'imputation': 'mode', 'cat_age': False, 'remove_outliers': True, 'merge_capital': True, 'downsampling_method': 'random', 'target_freq': 0.85, 'generate_dummies': True, 'remove_duplicates': True}","{'n_estimators': 65, 'max_depth': None, 'learning_rate': 0.2, 'booster': 'gbtree', 'reg_lambda': 0.2, 'reg_alpha': 0.2, 'random_state': 42, 'verbosity': 0}",0.9521143212792286,0.792671404948415,0.7994386597943608,0.7863782423727527,52.954424142837524
"{'scaling': None, 'imputation': 'mode', 'cat_age': False, 'remove_outliers': True, 'merge_capital': True, 'downsampling_method': 'random', 'target_freq': 0.85, 'generate_dummies': True, 'remove_duplicates': True}","{'n_estimators': 75, 'max_depth': None, 'learning_rate': 0.3, 'booster': 'gbtree', 'reg_lambda': 0.2, 'reg_alpha': 0.1, 'random_state': 42, 'verbosity': 0}",0.9514198160927329,0.7926088162869193,0.7950512703822493,0.7903408054522071,57.72399973869324
"{'scaling': None, 'imputation': 'mode', 'cat_age': False, 'remove_outliers': True, 'merge_capital': True, 'downsampling_method': 'random', 'target_freq': 0.85, 'generate_dummies': True, 'remove_duplicates': True}","{'n_estimators': 75, 'max_depth': None, 'learning_rate': 0.3, 'booster': 'dart', 'reg_lambda': 0.2, 'reg_alpha': 0.1, 'random_state': 42, 'verbosity': 0}",0.9514198160927329,0.7926088162869193,0.7950512703822493,0.7903408054522071,285.7989990711212
"{'scaling': None, 'imputation': 'mode', 'cat_age': False, 'remove_outliers': True, 'merge_capital': True, 'downsampling_method': 'random', 'target_freq': 0.85, 'generate_dummies': True, 'remove_duplicates': True}","{'n_estimators': 75, 'max_depth': None, 'learning_rate': 0.4, 'booster': 'dart', 'reg_lambda': 0.2, 'reg_alpha': 0.2, 'random_state': 42, 'verbosity': 0}",0.9511334105983759,0.7926046949218527,0.7933630063850426,0.7920023033940606,279.5230002403259
"{'scaling': None, 'imputation': 'mode', 'cat_age': False, 'remove_outliers': True, 'merge_capital': True, 'downsampling_method': 'random', 'target_freq': 0.85, 'generate_dummies': True, 'remove_duplicates': True}","{'n_estimators': 75, 'max_depth': None, 'learning_rate': 0.4, 'booster': 'gbtree', 'reg_lambda': 0.2, 'reg_alpha': 0.2, 'random_state': 42, 'verbosity': 0}",0.9511334105983759,0.7926046949218527,0.7933630063850426,0.7920023033940606,58.19399952888489
"{'scaling': None, 'imputation': 'mode', 'cat_age': False, 'remove_outliers': True, 'merge_capital': True, 'downsampling_method': 'random', 'target_freq': 0.85, 'generate_dummies': True, 'remove_duplicates': True}","{'n_estimators': 75, 'max_depth': None, 'learning_rate': 0.4, 'booster': 'dart', 'reg_lambda': 0.3, 'reg_alpha': 0.1, 'random_state': 42, 'verbosity': 0}",0.9509830559352418,0.7925493306480902,0.792456167351254,0.7927735557554019,286.8059997558594
"{'scaling': None, 'imputation': 'mode', 'cat_age': False, 'remove_outliers': True, 'merge_capital': True, 'downsampling_method': 'random', 'target_freq': 0.85, 'generate_dummies': True, 'remove_duplicates': True}","{'n_estimators': 75, 'max_depth': None, 'learning_rate': 0.4, 'booster': 'gbtree', 'reg_lambda': 0.3, 'reg_alpha': 0.1, 'random_state': 42, 'verbosity': 0}",0.9509830559352418,0.7925493306480902,0.792456167351254,0.7927735557554019,57.325000047683716
"{'scaling': None, 'imputation': 'mode', 'cat_age': False, 'remove_outliers': True, 'merge_capital': True, 'downsampling_method': 'random', 'target_freq': 0.85, 'generate_dummies': True, 'remove_duplicates': True}","{'n_estimators': 65, 'max_depth': None, 'learning_rate': 0.4, 'booster': 'dart', 'reg_lambda': 0.1, 'reg_alpha': 0.2, 'random_state': 42, 'verbosity': 0}",0.9510546589108191,0.7924490366989145,0.793054015878049,0.7920620577507134,216.2979986667633
"{'scaling': None, 'imputation': 'mode', 'cat_age': False, 'remove_outliers': True, 'merge_capital': True, 'downsampling_method': 'random', 'target_freq': 0.85, 'generate_dummies': True, 'remove_duplicates': True}","{'n_estimators': 65, 'max_depth': None, 'learning_rate': 0.4, 'booster': 'gbtree', 'reg_lambda': 0.1, 'reg_alpha': 0.2, 'random_state': 42, 'verbosity': 0}",0.9510546589108191,0.7924490366989145,0.793054015878049,0.7920620577507134,53.11499834060669
"{'scaling': None, 'imputation': 'mode', 'cat_age': False, 'remove_outliers': True, 'merge_capital': True, 'downsampling_method': 'random', 'target_freq': 0.85, 'generate_dummies': True, 'remove_duplicates': True}","{'n_estimators': 65, 'max_depth': None, 'learning_rate': 0.4, 'booster': 'gbtree', 'reg_lambda': 0.1, 'reg_alpha': 0.1, 'random_state': 42, 'verbosity': 0}",0.9512121835603354,0.7924363131657717,0.7939658095108199,0.7910897566972028,52.4420006275177
"{'scaling': None, 'imputation': 'mode', 'cat_age': False, 'remove_outliers': True, 'merge_capital': True, 'downsampling_method': 'random', 'target_freq': 0.85, 'generate_dummies': True, 'remove_duplicates': True}","{'n_estimators': 65, 'max_depth': None, 'learning_rate': 0.4, 'booster': 'dart', 'reg_lambda': 0.1, 'reg_alpha': 0.1, 'random_state': 42, 'verbosity': 0}",0.9512121835603354,0.7924363131657717,0.7939658095108199,0.7910897566972028,246.3289999961853
"{'scaling': None, 'imputation': 'mode', 'cat_age': False, 'remove_outliers': True, 'merge_capital': True, 'downsampling_method': 'random', 'target_freq': 0.85, 'generate_dummies': True, 'remove_duplicates': True}","{'n_estimators': 75, 'max_depth': None, 'learning_rate': 0.3, 'booster': 'gbtree', 'reg_lambda': 0.3, 'reg_alpha': 0.2, 'random_state': 42, 'verbosity': 0}",0.9514054914990548,0.7923792736724588,0.7950869528807276,0.7898808073330208,57.193000078201294
"{'scaling': None, 'imputation': 'mode', 'cat_age': False, 'remove_outliers': True, 'merge_capital': True, 'downsampling_method': 'random', 'target_freq': 0.85, 'generate_dummies': True, 'remove_duplicates': True}","{'n_estimators': 75, 'max_depth': None, 'learning_rate': 0.3, 'booster': 'dart', 'reg_lambda': 0.3, 'reg_alpha': 0.2, 'random_state': 42, 'verbosity': 0}",0.9514054914990548,0.7923792736724588,0.7950869528807276,0.7898808073330208,288.6929976940155
"{'scaling': None, 'imputation': 'mode', 'cat_age': False, 'remove_outliers': True, 'merge_capital': True, 'downsampling_method': 'random', 'target_freq': 0.85, 'generate_dummies': True, 'remove_duplicates': True}","{'n_estimators': 65, 'max_depth': None, 'learning_rate': 0.3, 'booster': 'dart', 'reg_lambda': 0.1, 'reg_alpha': 0.3, 'random_state': 42, 'verbosity': 0}",0.9515415295143725,0.7923416151318639,0.7959376657267176,0.7889942653913261,229.1879997253418
"{'scaling': None, 'imputation': 'mode', 'cat_age': False, 'remove_outliers': True, 'merge_capital': True, 'downsampling_method': 'random', 'target_freq': 0.85, 'generate_dummies': True, 'remove_duplicates': True}","{'n_estimators': 65, 'max_depth': None, 'learning_rate': 0.3, 'booster': 'gbtree', 'reg_lambda': 0.1, 'reg_alpha': 0.3, 'random_state': 42, 'verbosity': 0}",0.9515415295143725,0.7923416151318639,0.7959376657267176,0.7889942653913261,52.628000020980835
"{'scaling': None, 'imputation': 'mode', 'cat_age': False, 'remove_outliers': True, 'merge_capital': True, 'downsampling_method': 'random', 'target_freq': 0.85, 'generate_dummies': True, 'remove_duplicates': True}","{'n_estimators': 75, 'max_depth': None, 'learning_rate': 0.2, 'booster': 'gbtree', 'reg_lambda': 0.3, 'reg_alpha': 0.3, 'random_state': 42, 'verbosity': 0}",0.9517778035445825,0.7922865507806778,0.7974254564895595,0.7874749628709159,58.17700004577637
"{'scaling': None, 'imputation': 'mode', 'cat_age': False, 'remove_outliers': True, 'merge_capital': True, 'downsampling_method': 'random', 'target_freq': 0.85, 'generate_dummies': True, 'remove_duplicates': True}","{'n_estimators': 75, 'max_depth': None, 'learning_rate': 0.2, 'booster': 'dart', 'reg_lambda': 0.3, 'reg_alpha': 0.3, 'random_state': 42, 'verbosity': 0}",0.9517778035445825,0.7922865507806778,0.7974254564895595,0.7874749628709159,296.91499972343445
"{'scaling': None, 'imputation': 'mode', 'cat_age': False, 'remove_outliers': True, 'merge_capital': True, 'downsampling_method': 'random', 'target_freq': 0.85, 'generate_dummies': True, 'remove_duplicates': True}","{'n_estimators': 75, 'max_depth': None, 'learning_rate': 0.4, 'booster': 'dart', 'reg_lambda': 0.1, 'reg_alpha': 0.3, 'random_state': 42, 'verbosity': 0}",0.9508470171509698,0.7922439979890536,0.7917742770457259,0.7929127493827558,289.83000016212463
"{'scaling': None, 'imputation': 'mode', 'cat_age': False, 'remove_outliers': True, 'merge_capital': True, 'downsampling_method': 'random', 'target_freq': 0.85, 'generate_dummies': True, 'remove_duplicates': True}","{'n_estimators': 75, 'max_depth': None, 'learning_rate': 0.4, 'booster': 'gbtree', 'reg_lambda': 0.1, 'reg_alpha': 0.3, 'random_state': 42, 'verbosity': 0}",0.9508470171509698,0.7922439979890536,0.7917742770457259,0.7929127493827558,57.95999836921692
"{'scaling': None, 'imputation': 'mode', 'cat_age': False, 'remove_outliers': True, 'merge_capital': True, 'downsampling_method': 'random', 'target_freq': 0.85, 'generate_dummies': True, 'remove_duplicates': True}","{'n_estimators': 75, 'max_depth': None, 'learning_rate': 0.4, 'booster': 'gbtree', 'reg_lambda': 0.1, 'reg_alpha': 0.1, 'random_state': 42, 'verbosity': 0}",0.9509687459516958,0.7921729540556025,0.7926108374250033,0.7919163468049287,57.4639995098114
"{'scaling': None, 'imputation': 'mode', 'cat_age': False, 'remove_outliers': True, 'merge_capital': True, 'downsampling_method': 'random', 'target_freq': 0.85, 'generate_dummies': True, 'remove_duplicates': True}","{'n_estimators': 75, 'max_depth': None, 'learning_rate': 0.4, 'booster': 'dart', 'reg_lambda': 0.1, 'reg_alpha': 0.1, 'random_state': 42, 'verbosity': 0}",0.9509687459516958,0.7921729540556025,0.7926108374250033,0.7919163468049287,291.42599987983704
"{'scaling': None, 'imputation': 'mode', 'cat_age': False, 'remove_outliers': True, 'merge_capital': True, 'downsampling_method': 'random', 'target_freq': 0.85, 'generate_dummies': True, 'remove_duplicates': True}","{'n_estimators': 65, 'max_depth': None, 'learning_rate': 0.4, 'booster': 'gbtree', 'reg_lambda': 0.1, 'reg_alpha': 0.3, 'random_state': 42, 'verbosity': 0}",0.9510331768903463,0.7921241872217308,0.7929654114948822,0.7914741904679611,52.14199995994568
"{'scaling': None, 'imputation': 'mode', 'cat_age': False, 'remove_outliers': True, 'merge_capital': True, 'downsampling_method': 'random', 'target_freq': 0.85, 'generate_dummies': True, 'remove_duplicates': True}","{'n_estimators': 65, 'max_depth': None, 'learning_rate': 0.4, 'booster': 'dart', 'reg_lambda': 0.1, 'reg_alpha': 0.3, 'random_state': 42, 'verbosity': 0}",0.9510331768903463,0.7921241872217308,0.7929654114948822,0.7914741904679611,211.78599905967712
"{'scaling': None, 'imputation': 'mode', 'cat_age': False, 'remove_outliers': True, 'merge_capital': True, 'downsampling_method': 'random', 'target_freq': 0.85, 'generate_dummies': True, 'remove_duplicates': True}","{'n_estimators': 75, 'max_depth': None, 'learning_rate': 0.2, 'booster': 'gbtree', 'reg_lambda': 0.1, 'reg_alpha': 0.2, 'random_state': 42, 'verbosity': 0}",0.9519210069325563,0.792093622158852,0.7984441806302071,0.7861602423991129,59.94299864768982
"{'scaling': None, 'imputation': 'mode', 'cat_age': False, 'remove_outliers': True, 'merge_capital': True, 'downsampling_method': 'random', 'target_freq': 0.85, 'generate_dummies': True, 'remove_duplicates': True}","{'n_estimators': 75, 'max_depth': None, 'learning_rate': 0.2, 'booster': 'dart', 'reg_lambda': 0.1, 'reg_alpha': 0.2, 'random_state': 42, 'verbosity': 0}",0.9519210069325563,0.792093622158852,0.7984441806302071,0.7861602423991129,278.96399998664856
"{'scaling': None, 'imputation': 'mode', 'cat_age': False, 'remove_outliers': True, 'merge_capital': True, 'downsampling_method': 'random', 'target_freq': 0.85, 'generate_dummies': True, 'remove_duplicates': True}","{'n_estimators': 75, 'max_depth': None, 'learning_rate': 0.3, 'booster': 'dart', 'reg_lambda': 0.1, 'reg_alpha': 0.1, 'random_state': 42, 'verbosity': 0}",0.9513983335596239,0.7920821967126098,0.7951245886497506,0.7892857332264492,298.077999830246
"{'scaling': None, 'imputation': 'mode', 'cat_age': False, 'remove_outliers': True, 'merge_capital': True, 'downsampling_method': 'random', 'target_freq': 0.85, 'generate_dummies': True, 'remove_duplicates': True}","{'n_estimators': 75, 'max_depth': None, 'learning_rate': 0.3, 'booster': 'gbtree', 'reg_lambda': 0.1, 'reg_alpha': 0.1, 'random_state': 42, 'verbosity': 0}",0.9513983335596239,0.7920821967126098,0.7951245886497506,0.7892857332264492,59.123000144958496
"{'scaling': None, 'imputation': 'mode', 'cat_age': True, 'remove_outliers': False, 'merge_capital': True, 'downsampling_method': 'random', 'target_freq': 0.85, 'generate_dummies': True, 'remove_duplicates': True}","{'n_estimators': 75, 'max_depth': None, 'learning_rate': 0.3, 'booster': 'dart', 'reg_lambda': 0.3, 'reg_alpha': 0.3, 'random_state': 42, 'verbosity': 0}",0.9528517948640778,0.7920767452783182,0.8047918477443885,0.7806671023598385,296.0979964733124
"{'scaling': None, 'imputation': 'mode', 'cat_age': False, 'remove_outliers': True, 'merge_capital': True, 'downsampling_method': 'random', 'target_freq': 0.85, 'generate_dummies': True, 'remove_duplicates': True}","{'n_estimators': 75, 'max_depth': None, 'learning_rate': 0.4, 'booster': 'dart', 'reg_lambda': 0.1, 'reg_alpha': 0.2, 'random_state': 42, 'verbosity': 0}",0.9508183794979288,0.7920251661687409,0.7917537347248913,0.7924672113392666,282.15199995040894
"{'scaling': None, 'imputation': 'mode', 'cat_age': False, 'remove_outliers': True, 'merge_capital': True, 'downsampling_method': 'random', 'target_freq': 0.85, 'generate_dummies': True, 'remove_duplicates': True}","{'n_estimators': 75, 'max_depth': None, 'learning_rate': 0.4, 'booster': 'gbtree', 'reg_lambda': 0.1, 'reg_alpha': 0.2, 'random_state': 42, 'verbosity': 0}",0.9508183794979288,0.7920251661687409,0.7917537347248913,0.7924672113392666,59.00900077819824
"{'scaling': None, 'imputation': 'mode', 'cat_age': False, 'remove_outliers': True, 'merge_capital': True, 'downsampling_method': 'random', 'target_freq': 0.85, 'generate_dummies': True, 'remove_duplicates': True}","{'n_estimators': 65, 'max_depth': None, 'learning_rate': 0.2, 'booster': 'dart', 'reg_lambda': 0.1, 'reg_alpha': 0.3, 'random_state': 42, 'verbosity': 0}",0.9519639622586865,0.7920021012204992,0.7988129649747149,0.7856638916350847,224.55084657669067
"{'scaling': None, 'imputation': 'mode', 'cat_age': False, 'remove_outliers': True, 'merge_capital': True, 'downsampling_method': 'random', 'target_freq': 0.85, 'generate_dummies': True, 'remove_duplicates': True}","{'n_estimators': 65, 'max_depth': None, 'learning_rate': 0.2, 'booster': 'gbtree', 'reg_lambda': 0.1, 'reg_alpha': 0.3, 'random_state': 42, 'verbosity': 0}",0.9519639622586865,0.7920021012204992,0.7988129649747149,0.7856638916350847,52.763938903808594
"{'scaling': None, 'imputation': 'mode', 'cat_age': False, 'remove_outliers': True, 'merge_capital': True, 'downsampling_method': 'random', 'target_freq': 0.85, 'generate_dummies': True, 'remove_duplicates': True}","{'n_estimators': 65, 'max_depth': None, 'learning_rate': 0.3, 'booster': 'dart', 'reg_lambda': 0.3, 'reg_alpha': 0.2, 'random_state': 42, 'verbosity': 0}",0.9513768507701966,0.7919873486562545,0.7950365994499398,0.7891168868012395,221.87700009346008
"{'scaling': None, 'imputation': 'mode', 'cat_age': False, 'remove_outliers': True, 'merge_capital': True, 'downsampling_method': 'random', 'target_freq': 0.85, 'generate_dummies': True, 'remove_duplicates': True}","{'n_estimators': 65, 'max_depth': None, 'learning_rate': 0.3, 'booster': 'gbtree', 'reg_lambda': 0.3, 'reg_alpha': 0.2, 'random_state': 42, 'verbosity': 0}",0.9513768507701966,0.7919873486562545,0.7950365994499398,0.7891168868012395,52.251999616622925
"{'scaling': None, 'imputation': 'mode', 'cat_age': False, 'remove_outliers': True, 'merge_capital': True, 'downsampling_method': 'random', 'target_freq': 0.85, 'generate_dummies': True, 'remove_duplicates': True}","{'n_estimators': 65, 'max_depth': None, 'learning_rate': 0.4, 'booster': 'gbtree', 'reg_lambda': 0.2, 'reg_alpha': 0.1, 'random_state': 42, 'verbosity': 0}",0.9509758987647648,0.791985586040126,0.792680049628147,0.7914405031541994,53.413520097732544
"{'scaling': None, 'imputation': 'mode', 'cat_age': False, 'remove_outliers': True, 'merge_capital': True, 'downsampling_method': 'random', 'target_freq': 0.85, 'generate_dummies': True, 'remove_duplicates': True}","{'n_estimators': 65, 'max_depth': None, 'learning_rate': 0.4, 'booster': 'dart', 'reg_lambda': 0.2, 'reg_alpha': 0.1, 'random_state': 42, 'verbosity': 0}",0.9509758987647648,0.791985586040126,0.792680049628147,0.7914405031541994,221.98600029945374
"{'scaling': None, 'imputation': 'mode', 'cat_age': False, 'remove_outliers': True, 'merge_capital': True, 'downsampling_method': 'random', 'target_freq': 0.85, 'generate_dummies': True, 'remove_duplicates': True}","{'n_estimators': 65, 'max_depth': None, 'learning_rate': 0.4, 'booster': 'gbtree', 'reg_lambda': 0.3, 'reg_alpha': 0.1, 'random_state': 42, 'verbosity': 0}",0.9510116971767364,0.7919530902689332,0.7929312010900567,0.7911473869098171,52.34000205993652
"{'scaling': None, 'imputation': 'mode', 'cat_age': False, 'remove_outliers': True, 'merge_capital': True, 'downsampling_method': 'random', 'target_freq': 0.85, 'generate_dummies': True, 'remove_duplicates': True}","{'n_estimators': 65, 'max_depth': None, 'learning_rate': 0.4, 'booster': 'dart', 'reg_lambda': 0.3, 'reg_alpha': 0.1, 'random_state': 42, 'verbosity': 0}",0.9510116971767364,0.7919530902689332,0.7929312010900567,0.7911473869098171,223.7160005569458
"{'scaling': None, 'imputation': 'mode', 'cat_age': False, 'remove_outliers': True, 'merge_capital': True, 'downsampling_method': 'random', 'target_freq': 0.85, 'generate_dummies': True, 'remove_duplicates': True}","{'n_estimators': 65, 'max_depth': None, 'learning_rate': 0.4, 'booster': 'gbtree', 'reg_lambda': 0.2, 'reg_alpha': 0.3, 'random_state': 42, 'verbosity': 0}",0.9511262590668974,0.7919283479353345,0.7936376488259098,0.790393092688277,52.4279990196228
"{'scaling': None, 'imputation': 'mode', 'cat_age': False, 'remove_outliers': True, 'merge_capital': True, 'downsampling_method': 'random', 'target_freq': 0.85, 'generate_dummies': True, 'remove_duplicates': True}","{'n_estimators': 65, 'max_depth': None, 'learning_rate': 0.4, 'booster': 'dart', 'reg_lambda': 0.2, 'reg_alpha': 0.3, 'random_state': 42, 'verbosity': 0}",0.9511262590668974,0.7919283479353345,0.7936376488259098,0.790393092688277,238.2619969844818
"{'scaling': None, 'imputation': 'mode', 'cat_age': False, 'remove_outliers': True, 'merge_capital': True, 'downsampling_method': 'random', 'target_freq': 0.85, 'generate_dummies': True, 'remove_duplicates': True}","{'n_estimators': 75, 'max_depth': None, 'learning_rate': 0.3, 'booster': 'dart', 'reg_lambda': 0.3, 'reg_alpha': 0.1, 'random_state': 42, 'verbosity': 0}",0.9513768528207415,0.7918769275669816,0.7951913380174013,0.7888579757522066,304.6809995174408
"{'scaling': None, 'imputation': 'mode', 'cat_age': False, 'remove_outliers': True, 'merge_capital': True, 'downsampling_method': 'random', 'target_freq': 0.85, 'generate_dummies': True, 'remove_duplicates': True}","{'n_estimators': 75, 'max_depth': None, 'learning_rate': 0.3, 'booster': 'gbtree', 'reg_lambda': 0.3, 'reg_alpha': 0.1, 'random_state': 42, 'verbosity': 0}",0.9513768528207415,0.7918769275669816,0.7951913380174013,0.7888579757522066,57.837000131607056
"{'scaling': None, 'imputation': 'mode', 'cat_age': False, 'remove_outliers': True, 'merge_capital': True, 'downsampling_method': 'random', 'target_freq': 0.85, 'generate_dummies': True, 'remove_duplicates': True}","{'n_estimators': 75, 'max_depth': None, 'learning_rate': 0.4, 'booster': 'gbtree', 'reg_lambda': 0.2, 'reg_alpha': 0.3, 'random_state': 42, 'verbosity': 0}",0.9508899824735062,0.7917577984710166,0.7922641953568279,0.7914332152531485,57.31099987030029
"{'scaling': None, 'imputation': 'mode', 'cat_age': False, 'remove_outliers': True, 'merge_capital': True, 'downsampling_method': 'random', 'target_freq': 0.85, 'generate_dummies': True, 'remove_duplicates': True}","{'n_estimators': 75, 'max_depth': None, 'learning_rate': 0.4, 'booster': 'dart', 'reg_lambda': 0.2, 'reg_alpha': 0.3, 'random_state': 42, 'verbosity': 0}",0.9508899824735062,0.7917577984710166,0.7922641953568279,0.7914332152531485,276.6389989852905
"{'scaling': None, 'imputation': 'mode', 'cat_age': True, 'remove_outliers': False, 'merge_capital': True, 'downsampling_method': 'random', 'target_freq': 0.8, 'generate_dummies': True, 'remove_duplicates': True}","{'n_estimators': 75, 'max_depth': None, 'learning_rate': 0.3, 'booster': 'dart', 'reg_lambda': 0.3, 'reg_alpha': 0.3, 'random_state': 42, 'verbosity': 0}",0.9479544037566534,0.7917538569381065,0.7767779501604328,0.8090138315378995,234.84200048446655
"{'scaling': None, 'imputation': 'mode', 'cat_age': False, 'remove_outliers': True, 'merge_capital': True, 'downsampling_method': 'random', 'target_freq': 0.85, 'generate_dummies': True, 'remove_duplicates': True}","{'n_estimators': 65, 'max_depth': None, 'learning_rate': 0.3, 'booster': 'gbtree', 'reg_lambda': 0.1, 'reg_alpha': 0.1, 'random_state': 42, 'verbosity': 0}",0.9513553741324039,0.7917484160551371,0.7950172259915719,0.7887332918302656,52.82099938392639
"{'scaling': None, 'imputation': 'mode', 'cat_age': False, 'remove_outliers': True, 'merge_capital': True, 'downsampling_method': 'random', 'target_freq': 0.85, 'generate_dummies': True, 'remove_duplicates': True}","{'n_estimators': 65, 'max_depth': None, 'learning_rate': 0.3, 'booster': 'dart', 'reg_lambda': 0.1, 'reg_alpha': 0.1, 'random_state': 42, 'verbosity': 0}",0.9513553741324039,0.7917484160551371,0.7950172259915719,0.7887332918302656,212.29800271987915
"{'scaling': None, 'imputation': 'mode', 'cat_age': False, 'remove_outliers': True, 'merge_capital': True, 'downsampling_method': 'random', 'target_freq': 0.85, 'generate_dummies': True, 'remove_duplicates': True}","{'n_estimators': 65, 'max_depth': None, 'learning_rate': 0.2, 'booster': 'gbtree', 'reg_lambda': 0.3, 'reg_alpha': 0.1, 'random_state': 42, 'verbosity': 0}",0.9518708859774518,0.7917099111628333,0.7983766858278919,0.785508719007725,52.74347949028015
"{'scaling': None, 'imputation': 'mode', 'cat_age': False, 'remove_outliers': True, 'merge_capital': True, 'downsampling_method': 'random', 'target_freq': 0.85, 'generate_dummies': True, 'remove_duplicates': True}","{'n_estimators': 65, 'max_depth': None, 'learning_rate': 0.2, 'booster': 'dart', 'reg_lambda': 0.3, 'reg_alpha': 0.1, 'random_state': 42, 'verbosity': 0}",0.9518708859774518,0.7917099111628333,0.7983766858278919,0.785508719007725,237.85700011253357
"{'scaling': None, 'imputation': 'mode', 'cat_age': False, 'remove_outliers': True, 'merge_capital': True, 'downsampling_method': 'random', 'target_freq': 0.85, 'generate_dummies': True, 'remove_duplicates': True}","{'n_estimators': 65, 'max_depth': None, 'learning_rate': 0.2, 'booster': 'dart', 'reg_lambda': 0.3, 'reg_alpha': 0.3, 'random_state': 42, 'verbosity': 0}",0.9517706435546065,0.7915520039245572,0.7977543678751702,0.7857787681381719,229.76100134849548
"{'scaling': None, 'imputation': 'mode', 'cat_age': False, 'remove_outliers': True, 'merge_capital': True, 'downsampling_method': 'random', 'target_freq': 0.85, 'generate_dummies': True, 'remove_duplicates': True}","{'n_estimators': 65, 'max_depth': None, 'learning_rate': 0.2, 'booster': 'gbtree', 'reg_lambda': 0.3, 'reg_alpha': 0.3, 'random_state': 42, 'verbosity': 0}",0.9517706435546065,0.7915520039245572,0.7977543678751702,0.7857787681381719,52.49041795730591
"{'scaling': None, 'imputation': 'mode', 'cat_age': False, 'remove_outliers': False, 'merge_capital': True, 'downsampling_method': 'random', 'target_freq': 0.85, 'generate_dummies': True, 'remove_duplicates': True}","{'n_estimators': 65, 'max_depth': None, 'learning_rate': 0.2, 'booster': 'gbtree', 'reg_lambda': 0.1, 'reg_alpha': 0.1, 'random_state': 42, 'verbosity': 0}",0.9521071656466603,0.7914274554017797,0.8000270313520131,0.7834385030402713,53.22428488731384
"{'scaling': None, 'imputation': 'mode', 'cat_age': False, 'remove_outliers': False, 'merge_capital': False, 'downsampling_method': 'random', 'target_freq': 0.85, 'generate_dummies': True, 'remove_duplicates': True}","{'n_estimators': 65, 'max_depth': None, 'learning_rate': 0.2, 'booster': 'gbtree', 'reg_lambda': 0.1, 'reg_alpha': 0.1, 'random_state': 42, 'verbosity': 0}",0.9521071656466603,0.7914274554017797,0.8000270313520131,0.7834385030402713,53.24538016319275
"{'scaling': None, 'imputation': 'mode', 'cat_age': True, 'remove_outliers': True, 'merge_capital': False, 'downsampling_method': 'random', 'target_freq': 0.85, 'generate_dummies': True, 'remove_duplicates': True}","{'n_estimators': 65, 'max_depth': None, 'learning_rate': 0.2, 'booster': 'gbtree', 'reg_lambda': 0.1, 'reg_alpha': 0.1, 'random_state': 42, 'verbosity': 0}",0.9530164792472521,0.7913959771771761,0.8064256268759701,0.7781074584852725,54.32110857963562
"{'scaling': None, 'imputation': 'mode', 'cat_age': True, 'remove_outliers': True, 'merge_capital': True, 'downsampling_method': 'random', 'target_freq': 0.85, 'generate_dummies': True, 'remove_duplicates': True}","{'n_estimators': 65, 'max_depth': None, 'learning_rate': 0.2, 'booster': 'gbtree', 'reg_lambda': 0.1, 'reg_alpha': 0.1, 'random_state': 42, 'verbosity': 0}",0.9530379592171799,0.7913915250755428,0.8065976198760973,0.7779624280493669,52.815335512161255
"{'scaling': None, 'imputation': 'mode', 'cat_age': False, 'remove_outliers': True, 'merge_capital': True, 'downsampling_method': 'random', 'target_freq': 0.85, 'generate_dummies': True, 'remove_duplicates': True}","{'n_estimators': 65, 'max_depth': None, 'learning_rate': 0.2, 'booster': 'dart', 'reg_lambda': 0.1, 'reg_alpha': 0.2, 'random_state': 42, 'verbosity': 0}",0.9518350896160254,0.7913680777547494,0.7982609258807358,0.7849469182901799,219.8994743824005
"{'scaling': None, 'imputation': 'mode', 'cat_age': False, 'remove_outliers': True, 'merge_capital': True, 'downsampling_method': 'random', 'target_freq': 0.85, 'generate_dummies': True, 'remove_duplicates': True}","{'n_estimators': 65, 'max_depth': None, 'learning_rate': 0.2, 'booster': 'gbtree', 'reg_lambda': 0.1, 'reg_alpha': 0.2, 'random_state': 42, 'verbosity': 0}",0.9518350896160254,0.7913680777547494,0.7982609258807358,0.7849469182901799,51.90209126472473
"{'scaling': None, 'imputation': 'mode', 'cat_age': False, 'remove_outliers': True, 'merge_capital': True, 'downsampling_method': 'random', 'target_freq': 0.85, 'generate_dummies': True, 'remove_duplicates': True}","{'n_estimators': 75, 'max_depth': None, 'learning_rate': 0.4, 'booster': 'dart', 'reg_lambda': 0.2, 'reg_alpha': 0.1, 'random_state': 42, 'verbosity': 0}",0.9506966596683366,0.7912700281506738,0.7912753965250382,0.7914051006364717,287.85600233078003
"{'scaling': None, 'imputation': 'mode', 'cat_age': False, 'remove_outliers': True, 'merge_capital': True, 'downsampling_method': 'random', 'target_freq': 0.85, 'generate_dummies': True, 'remove_duplicates': True}","{'n_estimators': 75, 'max_depth': None, 'learning_rate': 0.4, 'booster': 'gbtree', 'reg_lambda': 0.2, 'reg_alpha': 0.1, 'random_state': 42, 'verbosity': 0}",0.9506966596683366,0.7912700281506738,0.7912753965250382,0.7914051006364717,57.91600012779236
"{'scaling': None, 'imputation': 'mode', 'cat_age': False, 'remove_outliers': True, 'merge_capital': True, 'downsampling_method': 'random', 'target_freq': 0.85, 'generate_dummies': True, 'remove_duplicates': True}","{'n_estimators': 65, 'max_depth': None, 'learning_rate': 0.3, 'booster': 'gbtree', 'reg_lambda': 0.3, 'reg_alpha': 0.1, 'random_state': 42, 'verbosity': 0}",0.9512622932374433,0.7911354431027571,0.7947918033677663,0.7877926988541027,52.66499996185303
"{'scaling': None, 'imputation': 'mode', 'cat_age': False, 'remove_outliers': True, 'merge_capital': True, 'downsampling_method': 'random', 'target_freq': 0.85, 'generate_dummies': True, 'remove_duplicates': True}","{'n_estimators': 65, 'max_depth': None, 'learning_rate': 0.3, 'booster': 'dart', 'reg_lambda': 0.3, 'reg_alpha': 0.1, 'random_state': 42, 'verbosity': 0}",0.9512622932374433,0.7911354431027571,0.7947918033677663,0.7877926988541027,226.41500043869019
"{'scaling': None, 'imputation': 'mode', 'cat_age': True, 'remove_outliers': False, 'merge_capital': False, 'downsampling_method': 'random', 'target_freq': 0.8, 'generate_dummies': True, 'remove_duplicates': True}","{'n_estimators': 75, 'max_depth': None, 'learning_rate': 0.3, 'booster': 'dart', 'reg_lambda': 0.3, 'reg_alpha': 0.3, 'random_state': 42, 'verbosity': 0}",0.9476966441175169,0.7909316052082304,0.7757730605962996,0.8084484596162029,239.20899987220764
"{'scaling': None, 'imputation': 'mode', 'cat_age': False, 'remove_outliers': True, 'merge_capital': True, 'downsampling_method': 'random', 'target_freq': 0.85, 'generate_dummies': True, 'remove_duplicates': True}","{'n_estimators': 65, 'max_depth': None, 'learning_rate': 0.3, 'booster': 'dart', 'reg_lambda': 0.1, 'reg_alpha': 0.2, 'random_state': 42, 'verbosity': 0}",0.9513482138861098,0.7909280524771808,0.795361566078859,0.7868031259504118,216.22099900245667
"{'scaling': None, 'imputation': 'mode', 'cat_age': False, 'remove_outliers': True, 'merge_capital': True, 'downsampling_method': 'random', 'target_freq': 0.85, 'generate_dummies': True, 'remove_duplicates': True}","{'n_estimators': 65, 'max_depth': None, 'learning_rate': 0.3, 'booster': 'gbtree', 'reg_lambda': 0.1, 'reg_alpha': 0.2, 'random_state': 42, 'verbosity': 0}",0.9513482138861098,0.7909280524771808,0.795361566078859,0.7868031259504118,52.821999073028564
"{'scaling': 'minmax', 'imputation': 'mode', 'cat_age': False, 'remove_outliers': False, 'merge_capital': False, 'downsampling_method': 'random', 'target_freq': 0.85, 'generate_dummies': True, 'remove_duplicates': True}","{'n_estimators': 75, 'max_depth': None, 'learning_rate': 0.3, 'booster': 'dart', 'reg_lambda': 0.3, 'reg_alpha': 0.3, 'random_state': 42, 'verbosity': 0}",0.9512837783337333,0.7909172732699865,0.7948871922583931,0.7871256927964112,286.5920021533966
"{'scaling': None, 'imputation': 'mode', 'cat_age': True, 'remove_outliers': True, 'merge_capital': False, 'downsampling_method': 'random', 'target_freq': 0.8, 'generate_dummies': True, 'remove_duplicates': True}","{'n_estimators': 75, 'max_depth': None, 'learning_rate': 0.3, 'booster': 'dart', 'reg_lambda': 0.3, 'reg_alpha': 0.3, 'random_state': 42, 'verbosity': 0}",0.9471954550719204,0.7908136360813733,0.77355602655727,0.8111258648198927,233.41599893569946
"{'scaling': None, 'imputation': 'mode', 'cat_age': True, 'remove_outliers': True, 'merge_capital': True, 'downsampling_method': 'random', 'target_freq': 0.8, 'generate_dummies': True, 'remove_duplicates': True}","{'n_estimators': 75, 'max_depth': None, 'learning_rate': 0.3, 'booster': 'dart', 'reg_lambda': 0.3, 'reg_alpha': 0.3, 'random_state': 42, 'verbosity': 0}",0.9471954550719204,0.7908136360813733,0.77355602655727,0.8111258648198927,222.9769992828369
"{'scaling': None, 'imputation': 'mode', 'cat_age': False, 'remove_outliers': False, 'merge_capital': True, 'downsampling_method': 'random', 'target_freq': 0.8, 'generate_dummies': True, 'remove_duplicates': True}","{'n_estimators': 75, 'max_depth': None, 'learning_rate': 0.3, 'booster': 'dart', 'reg_lambda': 0.3, 'reg_alpha': 0.3, 'random_state': 42, 'verbosity': 0}",0.9460498600078935,0.7901675144552971,0.7689455189479155,0.8162090395575445,229.19499969482422
"{'scaling': None, 'imputation': 'mode', 'cat_age': False, 'remove_outliers': False, 'merge_capital': False, 'downsampling_method': 'random', 'target_freq': 0.8, 'generate_dummies': True, 'remove_duplicates': True}","{'n_estimators': 75, 'max_depth': None, 'learning_rate': 0.3, 'booster': 'dart', 'reg_lambda': 0.3, 'reg_alpha': 0.3, 'random_state': 42, 'verbosity': 0}",0.9460498600078935,0.7901675144552971,0.7689455189479155,0.8162090395575445,225.8560004234314
"{'scaling': None, 'imputation': 'mode', 'cat_age': True, 'remove_outliers': True, 'merge_capital': True, 'downsampling_method': 'random', 'target_freq': 0.8, 'generate_dummies': True, 'remove_duplicates': True}","{'n_estimators': 65, 'max_depth': None, 'learning_rate': 0.2, 'booster': 'gbtree', 'reg_lambda': 0.1, 'reg_alpha': 0.1, 'random_state': 42, 'verbosity': 0}",0.94771096666065,0.7898101653061511,0.7760557841416932,0.8054798309539379,39.71659278869629
"{'scaling': None, 'imputation': 'mode', 'cat_age': True, 'remove_outliers': True, 'merge_capital': False, 'downsampling_method': 'random', 'target_freq': 0.8, 'generate_dummies': True, 'remove_duplicates': True}","{'n_estimators': 65, 'max_depth': None, 'learning_rate': 0.2, 'booster': 'gbtree', 'reg_lambda': 0.1, 'reg_alpha': 0.1, 'random_state': 42, 'verbosity': 0}",0.9476823267007461,0.7896956250006408,0.7759463526584831,0.8053596352845276,39.90764331817627
"{'scaling': None, 'imputation': 'mode', 'cat_age': True, 'remove_outliers': False, 'merge_capital': True, 'downsampling_method': 'random', 'target_freq': 0.8, 'generate_dummies': True, 'remove_duplicates': True}","{'n_estimators': 65, 'max_depth': None, 'learning_rate': 0.2, 'booster': 'gbtree', 'reg_lambda': 0.1, 'reg_alpha': 0.1, 'random_state': 42, 'verbosity': 0}",0.9481835236922042,0.7895480742071019,0.7783362414442914,0.8020249486500035,41.63730239868164
"{'scaling': None, 'imputation': 'mode', 'cat_age': False, 'remove_outliers': False, 'merge_capital': True, 'downsampling_method': 'random', 'target_freq': 0.8, 'generate_dummies': True, 'remove_duplicates': True}","{'n_estimators': 65, 'max_depth': None, 'learning_rate': 0.2, 'booster': 'gbtree', 'reg_lambda': 0.1, 'reg_alpha': 0.1, 'random_state': 42, 'verbosity': 0}",0.9462646579129471,0.7895365260961607,0.7698545674489118,0.8133068685516163,41.25541353225708
"{'scaling': None, 'imputation': 'mode', 'cat_age': False, 'remove_outliers': False, 'merge_capital': False, 'downsampling_method': 'random', 'target_freq': 0.8, 'generate_dummies': True, 'remove_duplicates': True}","{'n_estimators': 65, 'max_depth': None, 'learning_rate': 0.2, 'booster': 'gbtree', 'reg_lambda': 0.1, 'reg_alpha': 0.1, 'random_state': 42, 'verbosity': 0}",0.9462574979229711,0.7895186455521546,0.7698267131382377,0.8133030469442482,42.063918113708496
"{'scaling': None, 'imputation': 'mode', 'cat_age': True, 'remove_outliers': False, 'merge_capital': False, 'downsampling_method': 'random', 'target_freq': 0.85, 'generate_dummies': True, 'remove_duplicates': True}","{'n_estimators': 65, 'max_depth': None, 'learning_rate': 0.2, 'booster': 'gbtree', 'reg_lambda': 0.1, 'reg_alpha': 0.1, 'random_state': 42, 'verbosity': 0}",0.9530236453888625,0.7894379913718386,0.807800647900806,0.7736539257117527,53.92023754119873
"{'scaling': None, 'imputation': 'mode', 'cat_age': True, 'remove_outliers': False, 'merge_capital': False, 'downsampling_method': 'random', 'target_freq': 0.8, 'generate_dummies': True, 'remove_duplicates': True}","{'n_estimators': 65, 'max_depth': None, 'learning_rate': 0.2, 'booster': 'gbtree', 'reg_lambda': 0.1, 'reg_alpha': 0.1, 'random_state': 42, 'verbosity': 0}",0.9480474838826598,0.7891314279125143,0.7777606654241834,0.8017952750821961,41.58081269264221
"{'scaling': None, 'imputation': 'mode', 'cat_age': True, 'remove_outliers': False, 'merge_capital': True, 'downsampling_method': 'random', 'target_freq': 0.85, 'generate_dummies': True, 'remove_duplicates': True}","{'n_estimators': 65, 'max_depth': None, 'learning_rate': 0.2, 'booster': 'gbtree', 'reg_lambda': 0.1, 'reg_alpha': 0.1, 'random_state': 42, 'verbosity': 0}",0.9527945257096301,0.7881502693720741,0.8068386044635908,0.7721560196566541,55.45193290710449
"{'scaling': 'minmax', 'imputation': 'mode', 'cat_age': False, 'remove_outliers': False, 'merge_capital': False, 'downsampling_method': 'random', 'target_freq': 0.85, 'generate_dummies': True, 'remove_duplicates': True}","{'n_estimators': 65, 'max_depth': None, 'learning_rate': 0.2, 'booster': 'gbtree', 'reg_lambda': 0.1, 'reg_alpha': 0.1, 'random_state': 42, 'verbosity': 0}",0.9513696964192189,0.7878912585475637,0.7967928108857982,0.7796361388079103,53.29749274253845
"{'scaling': 'minmax', 'imputation': 'mode', 'cat_age': False, 'remove_outliers': False, 'merge_capital': True, 'downsampling_method': 'random', 'target_freq': 0.85, 'generate_dummies': True, 'remove_duplicates': True}","{'n_estimators': 65, 'max_depth': None, 'learning_rate': 0.2, 'booster': 'gbtree', 'reg_lambda': 0.1, 'reg_alpha': 0.1, 'random_state': 42, 'verbosity': 0}",0.9511047814038323,0.7875537570698133,0.795255065637674,0.7803432446132248,52.587122440338135
"{'scaling': None, 'imputation': 'mode', 'cat_age': False, 'remove_outliers': True, 'merge_capital': False, 'downsampling_method': 'random', 'target_freq': 0.8, 'generate_dummies': True, 'remove_duplicates': True}","{'n_estimators': 65, 'max_depth': None, 'learning_rate': 0.2, 'booster': 'gbtree', 'reg_lambda': 0.1, 'reg_alpha': 0.1, 'random_state': 42, 'verbosity': 0}",0.9455773122037913,0.7868444399539686,0.767399012142684,0.810447077049497,40.127137422561646
"{'scaling': None, 'imputation': 'mode', 'cat_age': False, 'remove_outliers': True, 'merge_capital': True, 'downsampling_method': 'random', 'target_freq': 0.8, 'generate_dummies': True, 'remove_duplicates': True}","{'n_estimators': 65, 'max_depth': None, 'learning_rate': 0.2, 'booster': 'gbtree', 'reg_lambda': 0.1, 'reg_alpha': 0.1, 'random_state': 42, 'verbosity': 0}",0.9455558322338632,0.7866311298844766,0.7673466020431945,0.8100159961611204,40.01163387298584
"{'scaling': 'minmax', 'imputation': 'mode', 'cat_age': True, 'remove_outliers': False, 'merge_capital': False, 'downsampling_method': 'random', 'target_freq': 0.85, 'generate_dummies': True, 'remove_duplicates': True}","{'n_estimators': 65, 'max_depth': None, 'learning_rate': 0.2, 'booster': 'gbtree', 'reg_lambda': 0.1, 'reg_alpha': 0.1, 'random_state': 42, 'verbosity': 0}",0.9523792570563817,0.7865144899927211,0.8047902406092892,0.7709135858417555,54.81127619743347
"{'scaling': 'minmax', 'imputation': 'mode', 'cat_age': False, 'remove_outliers': False, 'merge_capital': False, 'downsampling_method': 'random', 'target_freq': 0.8, 'generate_dummies': True, 'remove_duplicates': True}","{'n_estimators': 65, 'max_depth': None, 'learning_rate': 0.2, 'booster': 'gbtree', 'reg_lambda': 0.1, 'reg_alpha': 0.1, 'random_state': 42, 'verbosity': 0}",0.9454770695246278,0.7861491336497032,0.766965837987122,0.8092690262485973,40.49341869354248
"{'scaling': 'minmax', 'imputation': 'mode', 'cat_age': False, 'remove_outliers': False, 'merge_capital': True, 'downsampling_method': 'random', 'target_freq': 0.8, 'generate_dummies': True, 'remove_duplicates': True}","{'n_estimators': 65, 'max_depth': None, 'learning_rate': 0.2, 'booster': 'gbtree', 'reg_lambda': 0.1, 'reg_alpha': 0.1, 'random_state': 42, 'verbosity': 0}",0.9451835158309277,0.7859415358833921,0.765828351624832,0.8103832906786337,41.083693981170654
"{'scaling': 'minmax', 'imputation': 'mode', 'cat_age': True, 'remove_outliers': False, 'merge_capital': False, 'downsampling_method': 'random', 'target_freq': 0.8, 'generate_dummies': True, 'remove_duplicates': True}","{'n_estimators': 65, 'max_depth': None, 'learning_rate': 0.2, 'booster': 'gbtree', 'reg_lambda': 0.1, 'reg_alpha': 0.1, 'random_state': 42, 'verbosity': 0}",0.9471811381677855,0.7856096190587719,0.7743665857049141,0.7981354051264711,42.385284662246704
"{'scaling': 'minmax', 'imputation': 'mode', 'cat_age': True, 'remove_outliers': False, 'merge_capital': True, 'downsampling_method': 'random', 'target_freq': 0.8, 'generate_dummies': True, 'remove_duplicates': True}","{'n_estimators': 65, 'max_depth': None, 'learning_rate': 0.2, 'booster': 'gbtree', 'reg_lambda': 0.1, 'reg_alpha': 0.1, 'random_state': 42, 'verbosity': 0}",0.9469735061480243,0.785466011804622,0.7734906201638202,0.7989238261441644,41.05062198638916
"{'scaling': 'minmax', 'imputation': 'mode', 'cat_age': True, 'remove_outliers': False, 'merge_capital': True, 'downsampling_method': 'random', 'target_freq': 0.85, 'generate_dummies': True, 'remove_duplicates': True}","{'n_estimators': 65, 'max_depth': None, 'learning_rate': 0.2, 'booster': 'gbtree', 'reg_lambda': 0.1, 'reg_alpha': 0.1, 'random_state': 42, 'verbosity': 0}",0.9517921455678918,0.7846011275658518,0.8015843533577582,0.7699596435961615,53.0710973739624
"{'scaling': 'standard', 'imputation': 'mode', 'cat_age': False, 'remove_outliers': False, 'merge_capital': False, 'downsampling_method': 'random', 'target_freq': 0.85, 'generate_dummies': True, 'remove_duplicates': True}","{'n_estimators': 65, 'max_depth': None, 'learning_rate': 0.2, 'booster': 'gbtree', 'reg_lambda': 0.1, 'reg_alpha': 0.1, 'random_state': 42, 'verbosity': 0}",0.9498446400850489,0.7839857589252943,0.789753294570597,0.7792177764624106,53.96501636505127
"{'scaling': None, 'imputation': 'mode', 'cat_age': True, 'remove_outliers': False, 'merge_capital': True, 'downsampling_method': 'random', 'target_freq': 0.75, 'generate_dummies': True, 'remove_duplicates': True}","{'n_estimators': 65, 'max_depth': None, 'learning_rate': 0.2, 'booster': 'gbtree', 'reg_lambda': 0.1, 'reg_alpha': 0.1, 'random_state': 42, 'verbosity': 0}",0.9417753808514755,0.7839634439316681,0.7539402418600422,0.8249293498177155,34.010030031204224
"{'scaling': None, 'imputation': 'mode', 'cat_age': True, 'remove_outliers': False, 'merge_capital': False, 'downsampling_method': 'random', 'target_freq': 0.75, 'generate_dummies': True, 'remove_duplicates': True}","{'n_estimators': 65, 'max_depth': None, 'learning_rate': 0.2, 'booster': 'gbtree', 'reg_lambda': 0.1, 'reg_alpha': 0.1, 'random_state': 42, 'verbosity': 0}",0.9417753808514755,0.7839634439316681,0.7539402418600422,0.8249293498177155,34.16882300376892
"{'scaling': 'standard', 'imputation': 'mode', 'cat_age': False, 'remove_outliers': False, 'merge_capital': True, 'downsampling_method': 'random', 'target_freq': 0.85, 'generate_dummies': True, 'remove_duplicates': True}","{'n_estimators': 65, 'max_depth': None, 'learning_rate': 0.2, 'booster': 'gbtree', 'reg_lambda': 0.1, 'reg_alpha': 0.1, 'random_state': 42, 'verbosity': 0}",0.9497873627284218,0.7829911503870048,0.7898368103093965,0.7771793545051114,55.04602813720703
"{'scaling': None, 'imputation': 'mode', 'cat_age': True, 'remove_outliers': True, 'merge_capital': True, 'downsampling_method': 'random', 'target_freq': 0.75, 'generate_dummies': True, 'remove_duplicates': True}","{'n_estimators': 65, 'max_depth': None, 'learning_rate': 0.2, 'booster': 'gbtree', 'reg_lambda': 0.1, 'reg_alpha': 0.1, 'random_state': 42, 'verbosity': 0}",0.9410379052160813,0.7827472561657194,0.7516103296057389,0.8259085924762981,33.85770320892334
"{'scaling': None, 'imputation': 'mode', 'cat_age': True, 'remove_outliers': True, 'merge_capital': False, 'downsampling_method': 'random', 'target_freq': 0.75, 'generate_dummies': True, 'remove_duplicates': True}","{'n_estimators': 65, 'max_depth': None, 'learning_rate': 0.2, 'booster': 'gbtree', 'reg_lambda': 0.1, 'reg_alpha': 0.1, 'random_state': 42, 'verbosity': 0}",0.9410379052160813,0.7827472561657194,0.7516103296057389,0.8259085924762981,33.289734840393066
"{'scaling': 'standard', 'imputation': 'mode', 'cat_age': True, 'remove_outliers': False, 'merge_capital': False, 'downsampling_method': 'random', 'target_freq': 0.85, 'generate_dummies': True, 'remove_duplicates': True}","{'n_estimators': 65, 'max_depth': None, 'learning_rate': 0.2, 'booster': 'gbtree', 'reg_lambda': 0.1, 'reg_alpha': 0.1, 'random_state': 42, 'verbosity': 0}",0.950503358906524,0.7818017528046183,0.7960363756085718,0.7709450177939371,54.00628066062927
"{'scaling': 'standard', 'imputation': 'mode', 'cat_age': False, 'remove_outliers': False, 'merge_capital': False, 'downsampling_method': 'random', 'target_freq': 0.8, 'generate_dummies': True, 'remove_duplicates': True}","{'n_estimators': 65, 'max_depth': None, 'learning_rate': 0.2, 'booster': 'gbtree', 'reg_lambda': 0.1, 'reg_alpha': 0.1, 'random_state': 42, 'verbosity': 0}",0.9430999900187167,0.7807148863910839,0.7591512835267447,0.8087193144289205,40.14995241165161
"{'scaling': None, 'imputation': 'mode', 'cat_age': False, 'remove_outliers': False, 'merge_capital': False, 'downsampling_method': 'random', 'target_freq': 0.75, 'generate_dummies': True, 'remove_duplicates': True}","{'n_estimators': 65, 'max_depth': None, 'learning_rate': 0.2, 'booster': 'gbtree', 'reg_lambda': 0.1, 'reg_alpha': 0.1, 'random_state': 42, 'verbosity': 0}",0.9389543614616029,0.780598283348229,0.7456319715385717,0.8318639178063633,34.57818412780762
"{'scaling': 'standard', 'imputation': 'mode', 'cat_age': True, 'remove_outliers': False, 'merge_capital': False, 'downsampling_method': 'random', 'target_freq': 0.8, 'generate_dummies': True, 'remove_duplicates': True}","{'n_estimators': 65, 'max_depth': None, 'learning_rate': 0.2, 'booster': 'gbtree', 'reg_lambda': 0.1, 'reg_alpha': 0.1, 'random_state': 42, 'verbosity': 0}",0.9446823334496018,0.780589249024455,0.7655945044428217,0.7995850486398439,41.12814736366272
"{'scaling': None, 'imputation': 'mode', 'cat_age': False, 'remove_outliers': False, 'merge_capital': True, 'downsampling_method': 'random', 'target_freq': 0.75, 'generate_dummies': True, 'remove_duplicates': True}","{'n_estimators': 65, 'max_depth': None, 'learning_rate': 0.2, 'booster': 'gbtree', 'reg_lambda': 0.1, 'reg_alpha': 0.1, 'random_state': 42, 'verbosity': 0}",0.9389686814415548,0.7805567144172618,0.7456705906994655,0.8316617570059401,34.353529930114746
"{'scaling': 'minmax', 'imputation': 'mode', 'cat_age': True, 'remove_outliers': False, 'merge_capital': False, 'downsampling_method': 'random', 'target_freq': 0.75, 'generate_dummies': True, 'remove_duplicates': True}","{'n_estimators': 65, 'max_depth': None, 'learning_rate': 0.2, 'booster': 'gbtree', 'reg_lambda': 0.1, 'reg_alpha': 0.1, 'random_state': 42, 'verbosity': 0}",0.9408732374935841,0.7805409623296687,0.7509413424086939,0.8209345603012702,34.27147197723389
"{'scaling': 'standard', 'imputation': 'mode', 'cat_age': True, 'remove_outliers': False, 'merge_capital': True, 'downsampling_method': 'random', 'target_freq': 0.85, 'generate_dummies': True, 'remove_duplicates': True}","{'n_estimators': 65, 'max_depth': None, 'learning_rate': 0.2, 'booster': 'gbtree', 'reg_lambda': 0.1, 'reg_alpha': 0.1, 'random_state': 42, 'verbosity': 0}",0.9502599207852482,0.7803949816410735,0.7948938354209822,0.7691821210409882,60.44049334526062
"{'scaling': 'standard', 'imputation': 'mode', 'cat_age': True, 'remove_outliers': False, 'merge_capital': True, 'downsampling_method': 'random', 'target_freq': 0.8, 'generate_dummies': True, 'remove_duplicates': True}","{'n_estimators': 65, 'max_depth': None, 'learning_rate': 0.2, 'booster': 'gbtree', 'reg_lambda': 0.1, 'reg_alpha': 0.1, 'random_state': 42, 'verbosity': 0}",0.9448183742844185,0.7801834146688554,0.7662543045350685,0.7976944133663108,41.71618032455444
"{'scaling': None, 'imputation': 'mode', 'cat_age': False, 'remove_outliers': True, 'merge_capital': False, 'downsampling_method': 'random', 'target_freq': 0.75, 'generate_dummies': True, 'remove_duplicates': True}","{'n_estimators': 65, 'max_depth': None, 'learning_rate': 0.2, 'booster': 'gbtree', 'reg_lambda': 0.1, 'reg_alpha': 0.1, 'random_state': 42, 'verbosity': 0}",0.9384173683650363,0.779972379189448,0.7441234223854907,0.8332678665894256,33.110438108444214
"{'scaling': None, 'imputation': 'mode', 'cat_age': False, 'remove_outliers': True, 'merge_capital': True, 'downsampling_method': 'random', 'target_freq': 0.75, 'generate_dummies': True, 'remove_duplicates': True}","{'n_estimators': 65, 'max_depth': None, 'learning_rate': 0.2, 'booster': 'gbtree', 'reg_lambda': 0.1, 'reg_alpha': 0.1, 'random_state': 42, 'verbosity': 0}",0.9384173683650363,0.779972379189448,0.7441234223854907,0.8332678665894256,32.8060839176178
"{'scaling': 'minmax', 'imputation': 'mode', 'cat_age': True, 'remove_outliers': False, 'merge_capital': True, 'downsampling_method': 'random', 'target_freq': 0.75, 'generate_dummies': True, 'remove_duplicates': True}","{'n_estimators': 65, 'max_depth': None, 'learning_rate': 0.2, 'booster': 'gbtree', 'reg_lambda': 0.1, 'reg_alpha': 0.1, 'random_state': 42, 'verbosity': 0}",0.9404293260609325,0.7799128366883965,0.7496136192860764,0.8217096038033592,33.91463661193848
"{'scaling': 'standard', 'imputation': 'mode', 'cat_age': False, 'remove_outliers': False, 'merge_capital': True, 'downsampling_method': 'random', 'target_freq': 0.8, 'generate_dummies': True, 'remove_duplicates': True}","{'n_estimators': 65, 'max_depth': None, 'learning_rate': 0.2, 'booster': 'gbtree', 'reg_lambda': 0.1, 'reg_alpha': 0.1, 'random_state': 42, 'verbosity': 0}",0.943006916300663,0.7796011264610896,0.7588467511289579,0.8062302957150571,41.42924928665161
"{'scaling': 'minmax', 'imputation': 'mode', 'cat_age': False, 'remove_outliers': False, 'merge_capital': False, 'downsampling_method': 'random', 'target_freq': 0.75, 'generate_dummies': True, 'remove_duplicates': True}","{'n_estimators': 65, 'max_depth': None, 'learning_rate': 0.2, 'booster': 'gbtree', 'reg_lambda': 0.1, 'reg_alpha': 0.1, 'random_state': 42, 'verbosity': 0}",0.938216893515752,0.7779018821100341,0.7432751405045432,0.8286380822924373,34.0753915309906
"{'scaling': 'minmax', 'imputation': 'mode', 'cat_age': False, 'remove_outliers': False, 'merge_capital': True, 'downsampling_method': 'random', 'target_freq': 0.75, 'generate_dummies': True, 'remove_duplicates': True}","{'n_estimators': 65, 'max_depth': None, 'learning_rate': 0.2, 'booster': 'gbtree', 'reg_lambda': 0.1, 'reg_alpha': 0.1, 'random_state': 42, 'verbosity': 0}",0.937715703957519,0.7769734543624465,0.741883782447811,0.8288523494807251,33.85032343864441
"{'scaling': 'standard', 'imputation': 'mode', 'cat_age': True, 'remove_outliers': False, 'merge_capital': False, 'downsampling_method': 'random', 'target_freq': 0.75, 'generate_dummies': True, 'remove_duplicates': True}","{'n_estimators': 65, 'max_depth': None, 'learning_rate': 0.2, 'booster': 'gbtree', 'reg_lambda': 0.1, 'reg_alpha': 0.1, 'random_state': 42, 'verbosity': 0}",0.9374149989886584,0.7737336187058276,0.7417108404962004,0.8211881404696294,33.7285680770874
"{'scaling': 'standard', 'imputation': 'mode', 'cat_age': True, 'remove_outliers': False, 'merge_capital': True, 'downsampling_method': 'random', 'target_freq': 0.75, 'generate_dummies': True, 'remove_duplicates': True}","{'n_estimators': 65, 'max_depth': None, 'learning_rate': 0.2, 'booster': 'gbtree', 'reg_lambda': 0.1, 'reg_alpha': 0.1, 'random_state': 42, 'verbosity': 0}",0.9373935218382297,0.7728695483615524,0.7414482951915432,0.818846226004057,33.656506299972534
"{'scaling': 'standard', 'imputation': 'mode', 'cat_age': False, 'remove_outliers': False, 'merge_capital': False, 'downsampling_method': 'random', 'target_freq': 0.75, 'generate_dummies': True, 'remove_duplicates': True}","{'n_estimators': 65, 'max_depth': None, 'learning_rate': 0.2, 'booster': 'gbtree', 'reg_lambda': 0.1, 'reg_alpha': 0.1, 'random_state': 42, 'verbosity': 0}",0.934959159336693,0.7717584646122161,0.7353009723486732,0.8290658623712442,32.927024602890015
"{'scaling': 'standard', 'imputation': 'mode', 'cat_age': False, 'remove_outliers': False, 'merge_capital': True, 'downsampling_method': 'random', 'target_freq': 0.75, 'generate_dummies': True, 'remove_duplicates': True}","{'n_estimators': 65, 'max_depth': None, 'learning_rate': 0.2, 'booster': 'gbtree', 'reg_lambda': 0.1, 'reg_alpha': 0.1, 'random_state': 42, 'verbosity': 0}",0.9348088085183303,0.7701302909731168,0.7346599069335851,0.8252219513762503,34.64833998680115
"{'scaling': 'minmax', 'imputation': 'mode', 'cat_age': True, 'remove_outliers': True, 'merge_capital': False, 'downsampling_method': 'random', 'target_freq': 0.75, 'generate_dummies': True, 'remove_duplicates': True}","{'n_estimators': 65, 'max_depth': None, 'learning_rate': 0.2, 'booster': 'gbtree', 'reg_lambda': 0.1, 'reg_alpha': 0.1, 'random_state': 42, 'verbosity': 0}",0.9401500761991436,0.7696048665158225,0.7478226927068413,0.79708231050856,32.83703017234802
"{'scaling': 'minmax', 'imputation': 'mode', 'cat_age': False, 'remove_outliers': True, 'merge_capital': False, 'downsampling_method': 'random', 'target_freq': 0.8, 'generate_dummies': True, 'remove_duplicates': True}","{'n_estimators': 65, 'max_depth': None, 'learning_rate': 0.2, 'booster': 'gbtree', 'reg_lambda': 0.1, 'reg_alpha': 0.1, 'random_state': 42, 'verbosity': 0}",0.9440594071447815,0.769347093426311,0.7625494622155676,0.7768155550044316,41.31203365325928
"{'scaling': 'minmax', 'imputation': 'mode', 'cat_age': False, 'remove_outliers': True, 'merge_capital': False, 'downsampling_method': 'random', 'target_freq': 0.85, 'generate_dummies': True, 'remove_duplicates': True}","{'n_estimators': 65, 'max_depth': None, 'learning_rate': 0.2, 'booster': 'gbtree', 'reg_lambda': 0.1, 'reg_alpha': 0.1, 'random_state': 42, 'verbosity': 0}",0.9496799467307409,0.7691314541408687,0.7941057155357714,0.7489100620205894,51.68600058555603
"{'scaling': 'minmax', 'imputation': 'mode', 'cat_age': True, 'remove_outliers': True, 'merge_capital': False, 'downsampling_method': 'random', 'target_freq': 0.8, 'generate_dummies': True, 'remove_duplicates': True}","{'n_estimators': 65, 'max_depth': None, 'learning_rate': 0.2, 'booster': 'gbtree', 'reg_lambda': 0.1, 'reg_alpha': 0.1, 'random_state': 42, 'verbosity': 0}",0.9454985507761464,0.7686802188354501,0.7692808036040968,0.7681857767050377,40.273592472076416
"{'scaling': 'minmax', 'imputation': 'mode', 'cat_age': False, 'remove_outliers': True, 'merge_capital': False, 'downsampling_method': 'random', 'target_freq': 0.75, 'generate_dummies': True, 'remove_duplicates': True}","{'n_estimators': 65, 'max_depth': None, 'learning_rate': 0.2, 'booster': 'gbtree', 'reg_lambda': 0.1, 'reg_alpha': 0.1, 'random_state': 42, 'verbosity': 0}",0.937844580444952,0.7682959022652472,0.7407703986791471,0.8056013877519884,32.79299974441528
"{'scaling': 'standard', 'imputation': 'mode', 'cat_age': False, 'remove_outliers': True, 'merge_capital': False, 'downsampling_method': 'random', 'target_freq': 0.75, 'generate_dummies': True, 'remove_duplicates': True}","{'n_estimators': 65, 'max_depth': None, 'learning_rate': 0.2, 'booster': 'gbtree', 'reg_lambda': 0.1, 'reg_alpha': 0.1, 'random_state': 42, 'verbosity': 0}",0.9406154078796046,0.7667362893004755,0.7576164968432266,0.7847478697689547,34.20656108856201
"{'scaling': 'standard', 'imputation': 'mode', 'cat_age': False, 'remove_outliers': True, 'merge_capital': True, 'downsampling_method': 'random', 'target_freq': 0.75, 'generate_dummies': True, 'remove_duplicates': True}","{'n_estimators': 65, 'max_depth': None, 'learning_rate': 0.2, 'booster': 'gbtree', 'reg_lambda': 0.1, 'reg_alpha': 0.1, 'random_state': 42, 'verbosity': 0}",0.9403361746784927,0.7665222519959828,0.7558883618106889,0.7854703714940982,32.86003756523132
"{'scaling': 'standard', 'imputation': 'mode', 'cat_age': True, 'remove_outliers': True, 'merge_capital': True, 'downsampling_method': 'random', 'target_freq': 0.75, 'generate_dummies': True, 'remove_duplicates': True}","{'n_estimators': 65, 'max_depth': None, 'learning_rate': 0.2, 'booster': 'gbtree', 'reg_lambda': 0.1, 'reg_alpha': 0.1, 'random_state': 42, 'verbosity': 0}",0.9446751321924107,0.7654963131467726,0.773815353730267,0.764873551299752,33.81312608718872
"{'scaling': 'standard', 'imputation': 'mode', 'cat_age': True, 'remove_outliers': True, 'merge_capital': False, 'downsampling_method': 'random', 'target_freq': 0.75, 'generate_dummies': True, 'remove_duplicates': True}","{'n_estimators': 65, 'max_depth': None, 'learning_rate': 0.2, 'booster': 'gbtree', 'reg_lambda': 0.1, 'reg_alpha': 0.1, 'random_state': 42, 'verbosity': 0}",0.9449185690320959,0.7650986545146733,0.7758650270822035,0.7631525827640422,34.20632529258728
"{'scaling': 'minmax', 'imputation': 'mode', 'cat_age': True, 'remove_outliers': True, 'merge_capital': False, 'downsampling_method': 'random', 'target_freq': 0.85, 'generate_dummies': True, 'remove_duplicates': True}","{'n_estimators': 65, 'max_depth': None, 'learning_rate': 0.2, 'booster': 'gbtree', 'reg_lambda': 0.1, 'reg_alpha': 0.1, 'random_state': 42, 'verbosity': 0}",0.9500451054505632,0.7633811179340095,0.7998688833012036,0.7361728713409497,52.085612058639526
"{'scaling': 'standard', 'imputation': 'mode', 'cat_age': True, 'remove_outliers': True, 'merge_capital': False, 'downsampling_method': 'random', 'target_freq': 0.8, 'generate_dummies': True, 'remove_duplicates': True}","{'n_estimators': 65, 'max_depth': None, 'learning_rate': 0.2, 'booster': 'gbtree', 'reg_lambda': 0.1, 'reg_alpha': 0.1, 'random_state': 42, 'verbosity': 0}",0.951240824545512,0.7615009707857539,0.8129718677831589,0.7279499131911107,42.064900636672974
"{'scaling': 'standard', 'imputation': 'mode', 'cat_age': True, 'remove_outliers': True, 'merge_capital': True, 'downsampling_method': 'random', 'target_freq': 0.8, 'generate_dummies': True, 'remove_duplicates': True}","{'n_estimators': 65, 'max_depth': None, 'learning_rate': 0.2, 'booster': 'gbtree', 'reg_lambda': 0.1, 'reg_alpha': 0.1, 'random_state': 42, 'verbosity': 0}",0.9511334267464167,0.7609237891972186,0.8123259938386787,0.726930263342909,40.65066194534302
"{'scaling': 'standard', 'imputation': 'mode', 'cat_age': False, 'remove_outliers': True, 'merge_capital': True, 'downsampling_method': 'random', 'target_freq': 0.8, 'generate_dummies': True, 'remove_duplicates': True}","{'n_estimators': 65, 'max_depth': None, 'learning_rate': 0.2, 'booster': 'gbtree', 'reg_lambda': 0.1, 'reg_alpha': 0.1, 'random_state': 42, 'verbosity': 0}",0.9478040301259796,0.7591261100856019,0.7967900183882357,0.7387044241549094,40.39474844932556
"{'scaling': 'standard', 'imputation': 'mode', 'cat_age': False, 'remove_outliers': True, 'merge_capital': False, 'downsampling_method': 'random', 'target_freq': 0.8, 'generate_dummies': True, 'remove_duplicates': True}","{'n_estimators': 65, 'max_depth': None, 'learning_rate': 0.2, 'booster': 'gbtree', 'reg_lambda': 0.1, 'reg_alpha': 0.1, 'random_state': 42, 'verbosity': 0}",0.9481119079007214,0.7589127973978551,0.8001761082865055,0.7375507008553333,40.84693932533264
"{'scaling': 'standard', 'imputation': 'mode', 'cat_age': False, 'remove_outliers': True, 'merge_capital': True, 'downsampling_method': 'random', 'target_freq': 0.85, 'generate_dummies': True, 'remove_duplicates': True}","{'n_estimators': 65, 'max_depth': None, 'learning_rate': 0.2, 'booster': 'gbtree', 'reg_lambda': 0.1, 'reg_alpha': 0.1, 'random_state': 42, 'verbosity': 0}",0.952329120978509,0.7484262821315545,0.8355811539752134,0.7013942069828836,53.301531076431274
"{'scaling': 'standard', 'imputation': 'mode', 'cat_age': False, 'remove_outliers': True, 'merge_capital': False, 'downsampling_method': 'random', 'target_freq': 0.85, 'generate_dummies': True, 'remove_duplicates': True}","{'n_estimators': 65, 'max_depth': None, 'learning_rate': 0.2, 'booster': 'gbtree', 'reg_lambda': 0.1, 'reg_alpha': 0.1, 'random_state': 42, 'verbosity': 0}",0.9525009561242073,0.7481335325756783,0.83810587133204,0.7005251441259281,53.03253674507141
"{'scaling': 'standard', 'imputation': 'mode', 'cat_age': True, 'remove_outliers': True, 'merge_capital': True, 'downsampling_method': 'random', 'target_freq': 0.85, 'generate_dummies': True, 'remove_duplicates': True}","{'n_estimators': 65, 'max_depth': None, 'learning_rate': 0.2, 'booster': 'gbtree', 'reg_lambda': 0.1, 'reg_alpha': 0.1, 'random_state': 42, 'verbosity': 0}",0.9517563230620183,0.7372894802190026,0.841646221835272,0.6877639358498071,52.55782389640808
"{'scaling': 'standard', 'imputation': 'mode', 'cat_age': True, 'remove_outliers': True, 'merge_capital': False, 'downsampling_method': 'random', 'target_freq': 0.85, 'generate_dummies': True, 'remove_duplicates': True}","{'n_estimators': 65, 'max_depth': None, 'learning_rate': 0.2, 'booster': 'gbtree', 'reg_lambda': 0.1, 'reg_alpha': 0.1, 'random_state': 42, 'verbosity': 0}",0.9514269624978493,0.7237830589946537,0.8536931525822012,0.6710292576241945,54.386921644210815
"{'scaling': 'minmax', 'imputation': 'mode', 'cat_age': False, 'remove_outliers': True, 'merge_capital': True, 'downsampling_method': 'random', 'target_freq': 0.85, 'generate_dummies': True, 'remove_duplicates': True}","{'n_estimators': 65, 'max_depth': None, 'learning_rate': 0.2, 'booster': 'gbtree', 'reg_lambda': 0.1, 'reg_alpha': 0.1, 'random_state': 42, 'verbosity': 0}",0.844629100280053,0.6445553580491146,0.6175409648810151,0.7963240518430552,51.01300001144409
"{'scaling': 'minmax', 'imputation': 'mode', 'cat_age': True, 'remove_outliers': True, 'merge_capital': True, 'downsampling_method': 'random', 'target_freq': 0.85, 'generate_dummies': True, 'remove_duplicates': True}","{'n_estimators': 65, 'max_depth': None, 'learning_rate': 0.2, 'booster': 'gbtree', 'reg_lambda': 0.1, 'reg_alpha': 0.1, 'random_state': 42, 'verbosity': 0}",0.8419514103866623,0.641171169612374,0.6148871729756945,0.7951026724068504,52.679654598236084
"{'scaling': 'minmax', 'imputation': 'mode', 'cat_age': False, 'remove_outliers': True, 'merge_capital': True, 'downsampling_method': 'random', 'target_freq': 0.8, 'generate_dummies': True, 'remove_duplicates': True}","{'n_estimators': 65, 'max_depth': None, 'learning_rate': 0.2, 'booster': 'gbtree', 'reg_lambda': 0.1, 'reg_alpha': 0.1, 'random_state': 42, 'verbosity': 0}",0.806753058581803,0.6172520335786492,0.6035912805413892,0.8064855013022509,38.78500008583069
"{'scaling': 'minmax', 'imputation': 'mode', 'cat_age': True, 'remove_outliers': True, 'merge_capital': True, 'downsampling_method': 'random', 'target_freq': 0.8, 'generate_dummies': True, 'remove_duplicates': True}","{'n_estimators': 65, 'max_depth': None, 'learning_rate': 0.2, 'booster': 'gbtree', 'reg_lambda': 0.1, 'reg_alpha': 0.1, 'random_state': 42, 'verbosity': 0}",0.8049134294439597,0.6170396808282492,0.6045320218723423,0.8071450121087272,39.79453229904175
"{'scaling': 'minmax', 'imputation': 'mode', 'cat_age': False, 'remove_outliers': True, 'merge_capital': True, 'downsampling_method': 'random', 'target_freq': 0.75, 'generate_dummies': True, 'remove_duplicates': True}","{'n_estimators': 65, 'max_depth': None, 'learning_rate': 0.2, 'booster': 'gbtree', 'reg_lambda': 0.1, 'reg_alpha': 0.1, 'random_state': 42, 'verbosity': 0}",0.7860394592855746,0.6028437477867126,0.59733157093801,0.8137619645820321,32.46900010108948
"{'scaling': 'minmax', 'imputation': 'mode', 'cat_age': True, 'remove_outliers': True, 'merge_capital': True, 'downsampling_method': 'random', 'target_freq': 0.75, 'generate_dummies': True, 'remove_duplicates': True}","{'n_estimators': 65, 'max_depth': None, 'learning_rate': 0.2, 'booster': 'gbtree', 'reg_lambda': 0.1, 'reg_alpha': 0.1, 'random_state': 42, 'verbosity': 0}",0.7755861745817326,0.5942950165575089,0.5933803176152969,0.8084038113757185,32.911431550979614
